"","danceability","energy","key","loudness","mode","speechiness","acousticness","instrumentalness","liveness","valence","tempo","duration_ms"
"1",0.732,0.973,6,-5.33,1,0.0319,0.456,0,0.154,0.967,123.292,205827
"2",0.582,0.787,1,-5.923,1,0.0877,0.00777,0,0.182,0.368,130.953,193853
"3",0.707,0.628,11,-9.684,1,0.0877,0.00526,8.21e-05,0.104,0.87,187.548,211213
"4",0.799,0.586,11,-6.735,1,0.0377,0.162,2.03e-06,0.193,0.549,120.97,227833
"5",0.519,0.772,0,-6.784,1,0.0331,0.534,1.21e-05,0.271,0.961,79.618,166907
"6",0.507,0.753,11,-4.064,1,0.0339,0.00164,0.00087,0.168,0.968,179.948,139089
"7",0.593,0.752,8,-6.617,0,0.0313,0.0841,0.00308,0.197,0.935,172.087,129907
"8",0.639,0.72,6,-4.253,1,0.0284,0.0276,0,0.113,0.921,131.797,198320
"9",0.674,0.84,1,-3.879,0,0.0746,0.0338,0.000441,0.0941,0.875,150.011,227800
"10",0.421,0.831,4,-5.128,1,0.107,0.0283,0,0.464,0.488,134.027,175907
"11",0.435,0.652,0,-8.495,1,0.0404,0.519,0,0.129,0.806,108.097,273933
"12",0.382,0.895,11,-4.757,1,0.0578,0.0129,0,0.082,0.392,93.066,172893
"13",0.721,0.681,0,-7.631,0,0.0488,0.024,0.0109,0.157,0.768,121.978,172640
"14",0.639,0.875,10,-8.231,1,0.0413,0.611,1.18e-05,0.204,0.873,93.242,143229
"15",0.657,0.913,11,-4.984,1,0.0528,0.00392,0.00149,0.466,0.906,108.036,254620
"16",0.636,0.832,5,-3.944,1,0.179,0.0293,3.6e-06,0.272,0.677,175.015,223053
"17",0.299,0.787,0,-7.93,0,0.069,0.14,0,0.292,0.716,94.798,198867
"18",0.701,0.612,7,-8.377,1,0.041,0.00857,0.0497,0.0622,0.355,107.955,193627
"19",0.672,0.735,5,-4.733,1,0.0457,0.286,0,0.242,0.754,115.741,201287
"20",0.704,0.867,2,-5.808,1,0.0315,0.0846,0,0.206,0.809,131.467,188133
"21",0.639,0.845,10,-3.333,1,0.0372,0.0528,0,0.336,0.871,119.485,233373
"22",0.639,0.923,7,-5.708,1,0.032,0.0674,0,0.0879,0.761,97.874,175347
"23",0.574,0.887,11,-6.172,1,0.0565,0.0607,2.41e-06,0.334,0.622,136.057,229244
"24",0.536,0.928,11,-6.492,0,0.0589,0.0154,0.00134,0.2,0.389,136.258,248400
"25",0.673,0.71,8,-6.744,1,0.0324,0.00277,0,0.55,0.54,110.017,173613
"26",0.635,0.786,0,-6.46,1,0.0377,0.0349,0.00767,0.497,0.305,97.54,241547
"27",0.699,0.641,2,-7.564,1,0.0289,0.13,0.000218,0.0601,0.728,120.745,187213
"28",0.405,0.728,7,-4.76,1,0.0433,0.415,0,0.0777,0.342,188.701,205093
"29",0.426,0.76,0,-4.082,1,0.0414,0.118,0,0.325,0.955,171.838,131213
"30",0.55,0.868,3,-5.472,1,0.0361,0.656,0,0.136,0.962,158.563,148627
"31",0.619,0.917,1,-5.188,1,0.043,0.215,0.00183,0.0988,0.796,130.025,221722
"32",0.58,0.981,8,-2.603,0,0.06,0.0171,1.07e-05,0.386,0.861,134.007,195667
"33",0.757,0.647,2,-10.264,1,0.0299,0.757,3.08e-06,0.0972,0.97,122.771,169627
"34",0.587,0.767,0,-5.713,1,0.0449,0.225,0,0.112,0.664,100.38,201707
"35",0.629,0.905,5,-4.745,1,0.0378,0.0273,0.199,0.0644,0.967,122.448,212960
"36",0.611,0.948,1,-3.751,0,0.0753,0.00183,0.0995,0.0969,0.79,133.004,174920
"37",0.704,0.631,9,-12.299,0,0.0398,0.0346,0,0.159,0.793,123.286,295667
"38",0.607,0.924,7,-5.684,1,0.0703,0.0668,0,0.117,0.778,134.975,198827
"39",0.464,0.895,0,-7.683,1,0.031,0.00227,0.00394,0.13,0.932,91.905,238293
"40",0.818,0.688,0,-7.083,0,0.0379,0.00209,0.0541,0.282,0.971,122.983,259507
"41",0.511,0.815,7,-3.14,1,0.144,0.0491,0,0.0826,0.586,154.514,215307
"42",0.445,0.872,6,-6.294,0,0.0602,0.00402,0.00909,0.047,0.834,162.407,208360
"43",0.617,0.759,0,-6.785,0,0.0677,0.0026,0,0.419,0.324,122.925,218773
"44",0.594,0.83,10,-5.727,1,0.0632,0.0288,0.0215,0.261,0.69,117.973,203527
"45",0.526,0.763,0,-12.663,0,0.0341,0.00126,6.75e-05,0.359,0.514,136.205,215160
"46",0.936,0.414,9,-8.942,0,0.0791,0.0211,0.453,0.11,0.899,107.438,152880
"47",0.706,0.777,10,-4.591,0,0.0567,0.299,0,0.298,0.638,126.008,203204
"48",0.323,0.847,11,-4.716,1,0.0348,5.12e-06,0.0208,0.25,0.859,173.914,98400
"49",0.696,0.943,4,-2.962,1,0.0431,0.0736,0,0.653,0.833,129.003,194867
"50",0.673,0.901,2,-2.379,1,0.0348,0.0525,0.000535,0.0736,0.503,100.002,194093
"51",0.851,0.551,4,-5.177,1,0.0396,0.151,0,0.0827,0.807,131.922,219467
"52",0.636,0.881,2,-5.376,1,0.0758,0.134,0.00952,0.074,0.845,118.237,133467
"53",0.899,0.79,4,-3.651,1,0.104,0.793,0.155,0.111,0.92,107.985,166667
"54",0.647,0.868,0,-6.427,0,0.105,0.0876,0.124,0.129,0.803,121.822,242240
"55",0.638,0.924,7,-3.887,1,0.0359,0.00205,0.000173,0.149,0.529,111.995,263787
"56",0.559,0.752,8,-10.046,1,0.0581,0.448,0.00061,0.0907,0.946,187.712,179973
"57",0.676,0.824,0,-5.752,1,0.0449,0.0271,0.0152,0.363,0.696,122.221,187733
"58",0.635,0.672,10,-6.788,0,0.0637,0.314,5.03e-06,0.0688,0.895,166.903,155333
"59",0.741,0.714,1,-4.3,0,0.0753,0.146,0,0.385,0.755,95.081,202689
"60",0.466,0.634,6,-5.3,1,0.0289,0.0763,0,0.0678,0.324,128.992,194240
"61",0.461,0.936,4,-6.824,1,0.104,0.416,0.000135,0.136,0.811,172.43,249333
"62",0.532,0.831,9,-4.359,1,0.0456,0.0104,0.000183,0.0801,0.764,93.948,159407
"63",0.843,0.656,1,-11.184,1,0.0595,0.0466,0.0187,0.169,0.931,121.112,215653
"64",0.613,0.923,0,-5.234,1,0.0691,0.00892,0,0.149,0.669,96.043,166920
"65",0.556,0.929,7,-3.659,1,0.037,0.0499,1.7e-06,0.0931,0.842,137.996,188893
"66",0.801,0.795,1,-5.115,0,0.0504,0.0417,0.000113,0.0717,0.754,79.028,163253
"67",0.742,0.844,2,-6.441,1,0.111,0.0838,0,0.418,0.85,113.371,188240
"68",0.484,0.731,1,-6.694,1,0.0379,0.431,0,0.151,0.51,101.654,204280
"69",0.679,0.79,1,-6.934,1,0.059,0.139,0.00669,0.165,0.369,131.177,251533
"70",0.794,0.811,6,-8.966,0,0.038,0.0426,1.07e-06,0.101,0.862,116.047,248413
"71",0.654,0.796,2,-4.761,0,0.122,0.0188,0,0.0948,0.491,108.854,178583
"72",0.596,0.869,10,-11.97,1,0.037,0.0116,0.173,0.0678,0.944,109.902,238733
"73",0.853,0.681,0,-5.003,1,0.0888,0.00966,5.71e-05,0.0233,0.93,115.004,270627
"74",0.351,0.928,1,-3.71,1,0.0759,0.00113,0,0.0988,0.239,148.03,222076
"75",0.598,0.531,7,-7.484,1,0.0954,0.331,1.51e-06,0.0938,0.696,70.469,168000
"76",0.675,0.885,1,-4.432,0,0.0436,0.217,0,0.086,0.768,97.03,216667
"77",0.689,0.886,11,-4.266,1,0.0424,0.0228,0,0.275,0.936,142.017,205027
"78",0.525,0.686,5,-8.879,1,0.0325,0.18,2.66e-06,0.274,0.91,193.667,150126
"79",0.654,0.791,11,-6.243,1,0.048,0.0392,0,0.321,0.603,133.042,199526
"80",0.681,0.163,11,-22.597,1,0.165,0.881,7.62e-05,0.0688,0.771,69.284,292400
"81",0.548,0.632,2,-5.569,1,0.145,0.0126,4.95e-06,0.0769,0.535,113.682,245800
"82",0.893,0.745,11,-3.105,0,0.0571,0.0642,0,0.0943,0.872,101.018,223413
"83",0.491,0.87,9,-5.99,1,0.0308,0.00361,0.126,0.184,0.814,124.444,224800
"84",0.544,0.847,2,-4.794,1,0.0385,0.0462,0,0.336,0.168,97.974,184133
"85",0.896,0.704,10,-12.148,1,0.0402,0.401,0.132,0.0884,0.98,128.685,243696
"86",0.466,0.801,1,-5.175,1,0.0354,0.0209,0,0.241,0.379,103.197,267413
"87",0.586,0.651,0,-10.16,1,0.048,0.144,0,0.489,0.901,81.397,223067
"88",0.817,0.714,2,-3.501,1,0.0991,0.62,0.00586,0.0802,0.716,96.061,193125
"89",0.715,0.97,0,-2.206,1,0.0648,0.0644,0.000156,0.205,0.963,79.504,239240
"90",0.588,0.924,0,-5.587,1,0.164,0.078,4.01e-06,0.086,0.771,99.881,192280
"91",0.341,0.894,9,-6.66,1,0.0765,0.147,0,0.0741,0.672,174.982,237733
"92",0.694,0.712,7,-3.923,0,0.046,0.133,0,0.211,0.799,98.022,201122
"93",0.433,0.469,6,-9.853,0,0.0321,0.151,0,0.0479,0.336,115.882,175787
"94",0.551,0.821,2,-4.489,1,0.0539,0.0102,0.0438,0.153,0.842,174.923,137760
"95",0.874,0.692,5,-5.28,0,0.0431,0.0412,7.24e-05,0.324,0.937,116.017,178560
"96",0.566,0.876,0,-4.6,1,0.187,0.0175,0.0114,0.677,0.642,156.291,209447
"97",0.811,0.879,9,-3.724,1,0.0514,0.0476,1.91e-06,0.109,0.962,134.064,188754
"98",0.547,0.82,8,-6.728,1,0.0805,0.261,0,0.3,0.933,118.208,172867
"99",0.818,0.783,1,-6.534,1,0.0444,0.232,0.00886,0.0803,0.819,99.992,162267
"100",0.482,0.849,2,-9.198,1,0.0452,0.641,7.74e-06,0.0414,0.937,124.631,155227
"101",0.807,0.887,1,-4.311,0,0.0361,0.016,0.000503,0.0811,0.606,122.015,229184
"102",0.547,0.698,3,-6.056,1,0.0618,0.0829,0.000271,0.358,0.569,98.142,210253
"103",0.467,0.958,4,-4.808,0,0.0775,0.000479,0.199,0.299,0.701,145.92,180880
"104",0.532,0.795,1,-3.979,1,0.0358,0.0559,0,0.295,0.78,143.837,199267
"105",0.639,0.548,8,-13.534,1,0.0394,0.29,9.68e-05,0.366,0.887,98.359,176333
"106",0.573,0.837,0,-10.224,1,0.0977,0.72,3.24e-05,0.242,0.929,157.138,160867
"107",0.63,0.908,11,-2.42,1,0.0326,0.0238,0.592,0.116,0.968,120.522,189227
"108",0.701,0.595,1,-6.484,1,0.0447,0.264,0.00421,0.449,0.115,109.991,247613
"109",0.874,0.793,7,-7.979,1,0.0945,0.274,0.000219,0.123,0.791,102.938,325307
"110",0.55,0.753,6,-4.003,0,0.0407,0.000665,7.74e-06,0.0921,0.841,139.048,189693
"111",0.594,0.927,2,-2.691,1,0.0675,0.0719,5e-05,0.079,0.648,173.927,225880
"112",0.682,0.681,2,-5.435,1,0.0291,0.0201,0.0162,0.101,0.577,111.037,186440
"113",0.767,0.895,9,-3.633,1,0.0871,0.177,0.0253,0.0683,0.884,114.789,256187
"114",0.516,0.76,5,-12.437,1,0.0333,0.103,0.00068,0.0666,0.573,94.249,228267
"115",0.76,0.714,0,-7.134,1,0.0274,0.175,0,0.0778,0.774,110.007,176173
"116",0.675,0.899,10,-6.124,0,0.0418,0.0696,0.000139,0.33,0.91,103.683,285200
"117",0.438,0.94,2,-3.249,1,0.0452,8.74e-05,0.0777,0.3,0.421,100.99,261000
"118",0.59,0.93,5,-4.259,1,0.0374,0.0984,0.00332,0.786,0.954,119.923,182427
"119",0.565,0.912,0,-4.036,1,0.056,0.0982,0,0.0839,0.881,84.49,245133
"120",0.668,0.478,1,-8.849,1,0.0447,0.669,0,0.11,0.678,143.155,191027
"121",0.543,0.912,7,-10.71,1,0.0601,0.00162,2.1e-06,0.0565,0.836,103.731,256733
"122",0.763,0.721,1,-6.767,0,0.0986,0.0117,7.69e-06,0.0752,0.657,118.049,263880
"123",0.713,0.917,7,-3.272,1,0.0298,0.0201,0,0.301,0.792,108.042,288360
"124",0.709,0.824,1,-8.824,1,0.0453,0.207,0.000307,0.0888,0.867,118.814,291293
"125",0.818,0.705,6,-6.679,1,0.177,0.00836,0.00233,0.613,0.772,138.559,222640
"126",0.705,0.847,6,-2.588,1,0.0361,0.414,3.21e-06,0.406,0.743,120.527,228120
"127",0.69,0.834,0,-5.79,1,0.0566,0.129,0,0.136,0.738,127.43,222933
"128",0.793,0.859,0,-3.774,1,0.0332,0.266,0.000356,0.133,0.964,129.912,219920
"129",0.759,0.871,0,-7.034,1,0.0391,0.0687,0,0.342,0.871,120.43,224333
"130",0.718,0.658,10,-7.207,0,0.0665,0.147,0,0.183,0.806,108.105,299067
"131",0.668,0.473,10,-15.402,1,0.0336,0.231,0,0.115,0.962,91.976,242200
"132",0.615,0.887,10,-2.924,0,0.0453,0.000527,0,0.0667,0.877,119,216573
"133",0.502,0.931,5,-4.686,1,0.174,0.697,3.92e-06,0.281,0.903,166.407,162093
"134",0.735,0.767,7,-6.536,1,0.116,0.324,0,0.146,0.833,106.132,146733
"135",0.716,0.828,11,-13.065,1,0.104,0.0117,2.1e-06,0.301,0.771,103.155,192813
"136",0.712,0.775,11,-6.089,1,0.0572,0.488,0,0.7,0.917,134.902,191027
"137",0.763,0.777,5,-6.932,0,0.0364,0.281,0.78,0.134,0.929,124.431,208600
"138",0.368,0.935,4,-3.204,1,0.0587,0.0111,0.00201,0.0948,0.558,164.425,203733
"139",0.546,0.85,6,-4.315,1,0.0322,0.0123,0,0.193,0.584,135.162,214160
"140",0.721,0.811,2,-6.871,1,0.0426,0.259,0,0.0951,0.969,142.128,184693
"141",0.707,0.814,0,-7.364,1,0.0367,0.158,2.72e-06,0.106,0.922,132.062,185480
"142",0.779,0.589,5,-11.562,1,0.0893,0.289,0.000535,0.331,0.815,92.308,225640
"143",0.632,0.639,5,-5.938,1,0.0259,0.00143,0,0.221,0.733,95.506,196893
"144",0.771,0.76,4,-5.459,0,0.0514,0.147,0,0.053,0.881,119,218440
"145",0.588,0.568,6,-9.766,1,0.0672,0.16,0,0.0792,0.952,106.938,232760
"146",0.561,0.846,9,-4.48,1,0.0867,0.0634,0,0.193,0.75,116.168,144013
"147",0.634,0.744,3,-5.062,1,0.041,0.0698,0,0.0465,0.967,162.4,142840
"148",0.82,0.528,9,-11.179,1,0.0321,0.111,0.0186,0.257,0.931,120.091,272107
"149",0.73,0.858,5,-8.221,1,0.036,0.179,1.54e-06,0.0611,0.765,131.445,275387
"150",0.634,0.838,2,-5.363,1,0.0413,0.0531,8.34e-06,0.0522,0.541,95.011,237320
"151",0.704,0.845,9,-9.516,1,0.0535,0.0383,2.03e-05,0.12,0.623,94.52,145000
"152",0.801,0.757,0,-7.13,1,0.0369,0.301,8.25e-06,0.0708,0.962,109.366,322440
"153",0.643,0.879,10,-3.602,1,0.0426,0.438,0,0.107,0.952,106.077,186907
"154",0.73,0.862,11,-5.876,1,0.0313,0.0398,0,0.0818,0.77,104.018,200560
"155",0.553,0.724,2,-6.486,0,0.0359,0.00585,4.72e-05,0.366,0.383,128.024,262707
"156",0.687,0.792,5,-2.749,1,0.0452,0.191,0,0.167,0.671,100.015,214290
"157",0.652,0.742,9,-9.687,0,0.0501,0.41,0.052,0.323,0.736,106.096,102667
"158",0.703,0.653,2,-5.529,0,0.032,0.747,0,0.0838,0.751,125.958,188000
"159",0.774,0.91,4,-2.456,1,0.0722,0.053,9.67e-06,0.095,0.881,120.02,206280
"160",0.441,0.908,2,-6.481,1,0.0425,0.423,2.88e-06,0.325,0.808,147.597,166333
"161",0.777,0.725,5,-9.012,1,0.047,0.126,0.0108,0.0917,0.851,128.349,276360
"162",0.683,0.659,6,-9.424,1,0.0412,0.164,0,0.248,0.919,109.952,138480
"163",0.543,0.946,5,-3.888,1,0.0391,0.000459,0.000259,0.108,0.221,116.515,159853
"164",0.709,0.768,7,-4.274,1,0.0324,0.0229,0,0.417,0.869,103.036,257374
"165",0.674,0.794,7,-7.361,1,0.0726,0.27,2.47e-06,0.211,0.685,129.292,149067
"166",0.561,0.849,2,-5.544,1,0.0582,0.00706,0,0.0822,0.411,129.061,170960
"167",0.601,0.593,0,-11.685,1,0.0257,0.181,0.000441,0.121,0.902,97.784,285160
"168",0.628,0.886,11,-4.253,0,0.0485,0.377,8.65e-06,0.186,0.694,123.942,160933
"169",0.535,0.943,2,-5.898,1,0.0843,0.000855,0.0267,0.0697,0.823,101.755,172867
"170",0.887,0.48,11,-11.994,1,0.117,0.0094,3.58e-05,0.0662,0.607,95.846,193200
"171",0.747,0.904,9,-2.623,1,0.0803,0.046,0.106,0.203,0.846,118.877,181827
"172",0.527,0.509,7,-10.893,1,0.0628,0.6,0,0.144,0.497,138.317,515867
"173",0.442,0.846,4,-5.214,1,0.0764,0.0538,4.71e-06,0.282,0.622,128.235,217653
"174",0.508,0.725,2,-10.795,1,0.0344,0.0157,1.26e-06,0.0995,0.741,138.934,216427
"175",0.787,0.541,7,-10.437,1,0.0403,0.0825,0.000311,0.065,0.962,124.194,203893
"176",0.736,0.813,7,-4.296,1,0.0853,0.0393,1.64e-06,0.164,0.933,118.968,203934
"177",0.597,0.93,2,-3.23,1,0.0477,0.0776,0.000404,0.0566,0.693,119.788,254213
"178",0.566,0.811,11,-9.849,0,0.0435,0.732,0.645,0.596,0.961,127.944,119387
"179",0.477,0.776,1,-5.056,1,0.0349,0.0155,0.00314,0.203,0.429,131.004,276720
"180",0.837,0.592,3,-14.264,1,0.0671,0.0754,0.000251,0.0671,0.836,125.686,245707
"181",0.578,0.936,9,-5.761,1,0.0364,0.00305,0.687,0.47,0.659,131.268,208907
"182",0.731,0.822,1,-5.305,1,0.0459,0.394,0,0.288,0.708,118.021,196613
"183",0.562,0.939,0,-4.282,1,0.0475,0.046,0,0.112,0.684,116.044,221947
"184",0.806,0.657,9,-11.574,1,0.158,0.267,0.000182,0.224,0.702,89.492,133227
"185",0.682,0.724,3,-5.055,0,0.0306,0.164,0,0.301,0.491,132.042,203280
"186",0.683,0.719,7,-4.568,1,0.0299,0.533,1.84e-05,0.112,0.907,118.731,165427
"187",0.479,0.931,8,-3.976,1,0.0613,0.00767,0,0.306,0.708,154.931,179387
"188",0.749,0.484,5,-9.944,1,0.0484,0.13,0.137,0.0501,0.939,167.084,187431
"189",0.736,0.676,5,-7.28,1,0.0408,0.0808,0.149,0.197,0.935,125.046,253439
"190",0.782,0.874,2,-7.157,1,0.0474,0.141,0.0584,0.112,0.859,123.179,252933
"191",0.551,0.834,5,-5.882,1,0.0482,0.0123,0.000936,0.472,0.962,168.944,163400
"192",0.532,0.586,7,-7.503,1,0.179,0.0182,9.8e-06,0.0963,0.737,77.705,287920
"193",0.474,0.57,4,-3.188,1,0.068,0.187,0,0.106,0.535,94.16,230187
"194",0.74,0.945,1,-5.666,1,0.0314,0.223,0.116,0.356,0.975,131.644,224453
"195",0.564,0.896,2,-4.312,1,0.0451,0.108,3.27e-06,0.0607,0.811,99.52,197440
"196",0.647,0.822,5,-4.662,0,0.183,0.219,0,0.0908,0.962,160.019,232720
"197",0.597,0.812,5,-12.062,1,0.0315,0.0219,0.00106,0.102,0.823,135.68,218400
"198",0.861,0.408,6,-6.632,0,0.217,0.756,4.36e-05,0.278,0.713,113.964,212632
"199",0.51,0.918,10,-6.219,1,0.0433,0.113,2.31e-06,0.115,0.94,95.876,142440
"200",0.722,0.761,11,-4.459,0,0.0475,0.0117,0,0.315,0.624,128.044,201493
"201",0.688,0.702,7,-4.792,0,0.0499,0.0215,0,0.128,0.74,94.006,192191
"202",0.66,0.805,1,-5.352,0,0.153,0.0192,8.83e-06,0.159,0.625,103.009,193920
"203",0.687,0.702,7,-5.324,0,0.0455,0.0064,4.35e-05,0.204,0.284,129.956,214840
"204",0.558,0.801,7,-5.795,1,0.131,0.133,0,0.392,0.831,105.006,231813
"205",0.671,0.843,10,-4.509,0,0.0385,0.0277,0,0.295,0.567,121.973,205467
"206",0.777,0.663,4,-6.117,1,0.0305,0.146,1.52e-05,0.174,0.614,118.016,181827
"207",0.448,0.817,10,-4.069,0,0.386,0.128,0,0.105,0.709,83.015,187973
"208",0.632,0.701,7,-5.921,1,0.146,0.0114,0,0.108,0.497,162.958,215414
"209",0.541,0.597,0,-5.876,0,0.0486,0.0141,0,0.0753,0.123,151.913,203107
"210",0.673,0.902,2,-2.378,1,0.0347,0.0629,0.000174,0.0552,0.521,100.016,194240
"211",0.615,0.919,7,-3.003,1,0.0918,0.0172,0,0.0506,0.43,139.993,202933
"212",0.743,0.719,10,-7.148,0,0.0708,0.0244,0,0.0537,0.74,149.904,207960
"213",0.591,0.73,2,-6.179,1,0.0422,0.0185,0,0.333,0.209,99.943,238387
"214",0.811,0.499,5,-7.161,0,0.118,0.0147,2.44e-06,0.342,0.466,111.016,200680
"215",0.67,0.838,0,-4.031,1,0.0362,0.0604,0.000611,0.159,0.717,104.998,222041
"216",0.382,0.899,7,-5.397,1,0.0516,0.000787,0,0.166,0.398,159.942,216230
"217",0.605,0.768,0,-3.724,0,0.0476,0.0865,0,0.308,0.414,100.209,200787
"218",0.777,0.627,7,-6.142,1,0.0792,0.356,0,0.0956,0.444,100.054,214480
"219",0.713,0.802,4,-7.055,1,0.0561,0.0435,0.00377,0.309,0.343,100.001,226739
"220",0.602,0.797,6,-5.084,0,0.0534,0.055,0,0.187,0.492,92.928,185360
"221",0.674,0.694,2,-4.739,1,0.129,0.223,0,0.183,0.242,137.839,239280
"222",0.625,0.589,6,-6.627,0,0.0858,0.518,0,0.197,0.33,100.003,189973
"223",0.69,0.622,5,-5.025,0,0.0622,0.253,0,0.116,0.544,102.04,210091
"224",0.64,0.533,0,-6.596,1,0.0706,0.119,0,0.0864,0.515,99.968,220781
"225",0.573,0.664,8,-5.489,1,0.0283,0.346,0.000155,0.0964,0.953,108.033,102585
"226",0.451,0.809,0,-5.327,1,0.141,0.073,0,0.201,0.481,189.888,237915
"227",0.659,0.717,8,-4.202,1,0.0581,0.0393,0,0.0769,0.71,103.036,174800
"228",0.857,0.801,0,-6.499,1,0.0618,0.332,1.2e-06,0.0789,0.753,96.009,192600
"229",0.64,0.728,6,-4.07,0,0.034,0.00111,0,0.084,0.282,125.966,197893
"230",0.615,0.779,2,-6.454,1,0.135,0.0665,0,0.155,0.453,160,208198
"231",0.897,0.634,4,-6.264,0,0.161,0.00413,0,0.0686,0.506,112.048,212014
"232",0.628,0.715,5,-7.097,1,0.0541,0.0524,0,0.119,0.429,139.991,211600
"233",0.635,0.59,2,-7.245,1,0.0923,0.0559,0,0.0935,0.549,134.923,235260
"234",0.661,0.715,5,-5.651,0,0.119,0.316,0,0.178,0.411,148.027,212120
"235",0.777,0.622,9,-10.041,0,0.119,0.181,9.41e-06,0.0556,0.799,98.974,180928
"236",0.728,0.426,0,-6.69,1,0.0509,0.0142,0,0.0546,0.844,85.908,188174
"237",0.857,0.8,2,-4.035,1,0.0583,0.381,0,0.0913,0.966,121.996,199440
"238",0.705,0.714,11,-6.39,0,0.0792,0.0249,0,0.253,0.434,104.996,209733
"239",0.849,0.581,1,-5.243,0,0.0767,0.189,3.61e-06,0.0805,0.779,110.008,198237
"240",0.798,0.539,1,-6.351,1,0.0421,0.199,1.66e-05,0.165,0.394,136.949,202547
"241",0.628,0.698,6,-5.608,0,0.105,0.0472,0.00143,0.0907,0.732,89.976,211667
"242",0.853,0.56,1,-4.961,1,0.0406,0.013,0,0.0944,0.86,134.066,206693
"243",0.772,0.78,10,-4.288,0,0.108,0.0512,0,0.119,0.719,124.988,204347
"244",0.839,0.625,0,-6.761,1,0.0769,0.0415,0,0.125,0.748,121.982,164187
"245",0.716,0.66,9,-7.164,1,0.0336,0.0128,0,0.122,0.788,123.998,220104
"246",0.564,0.89,5,-4.286,1,0.107,0.0918,0,0.0819,0.636,180.112,189363
"247",0.588,0.67,0,-6.439,1,0.0473,0.0104,3.33e-06,0.338,0.505,118.159,238173
"248",0.691,0.716,7,-5.985,1,0.0351,0.0085,9.06e-06,0.263,0.507,112.035,187027
"249",0.688,0.688,3,-5.84,1,0.0357,0.3,0,0.0982,0.451,114.011,193321
"250",0.532,0.639,5,-7.419,0,0.0388,0.0507,0.00131,0.106,0.198,105,193399
"251",0.666,0.728,7,-5.808,1,0.0419,0.00175,4.26e-06,0.0429,0.51,122.996,204878
"252",0.719,0.79,11,-8.765,0,0.038,0.00124,0.0443,0.0786,0.425,118.017,191258
"253",0.645,0.563,2,-5.155,0,0.0663,0.0285,0,0.15,0.555,107.885,199212
"254",0.702,0.787,9,-5.326,0,0.0797,0.234,1.35e-06,0.0894,0.763,114.945,171827
"255",0.616,0.713,7,-6.623,0,0.0402,0.106,0.000435,0.0896,0.699,92.89,226373
"256",0.757,0.849,5,-3.424,0,0.0536,0.173,0,0.0878,0.826,150.036,228207
"257",0.658,0.783,11,-3.381,0,0.194,0.0143,0.000181,0.0543,0.745,159.049,162920
"258",0.826,0.773,11,-4.218,0,0.0524,0.323,0,0.143,0.761,126.899,238200
"259",0.441,0.527,3,-5.318,1,0.0966,0.172,0,0.233,0.589,96.37,187298
"260",0.62,0.698,0,-4.154,0,0.0368,0.0203,0.000171,0.238,0.35,140.087,227333
"261",0.653,0.76,11,-6.086,1,0.0479,0.475,0.000129,0.0917,0.6,98.008,308733
"262",0.664,0.795,5,-4.472,0,0.0477,0.0433,0.00166,0.0958,0.751,93.958,218280
"263",0.798,0.602,7,-6.433,1,0.0949,0.00497,0.000105,0.0946,0.77,99.986,220983
"264",0.734,0.76,11,-5.267,0,0.0415,0.0232,0,0.127,0.685,122.072,207013
"265",0.666,0.8,11,-5.144,0,0.033,0.0213,0,0.272,0.316,119.947,183973
"266",0.721,0.818,6,-4.039,0,0.0967,0.0987,1.5e-05,0.144,0.369,118.989,172613
"267",0.673,0.752,2,-3.572,0,0.0561,0.241,4.51e-05,0.0813,0.797,175.997,201818
"268",0.668,0.654,0,-5.187,1,0.0462,0.0882,0,0.0969,0.538,146.088,209101
"269",0.627,0.505,6,-12.659,1,0.0549,0.197,0.0149,0.0583,0.146,100.005,215973
"270",0.693,0.575,9,-6.998,1,0.0801,0.374,0,0.252,0.492,117.999,211362
"271",0.575,0.571,1,-7.906,1,0.0439,0.0558,0,0.0912,0.449,105.049,197947
"272",0.567,0.696,9,-5.416,1,0.301,0.456,0,0.113,0.544,92.061,174983
"273",0.716,0.533,3,-5.439,1,0.0283,0.147,0,0.0913,0.502,91.995,179747
"274",0.9,0.4,0,-8.443,1,0.124,0.0501,0,0.0876,0.338,136.001,197487
"275",0.652,0.453,1,-6.119,1,0.0445,0.0519,0,0.179,0.432,88.038,177391
"276",0.781,0.768,11,-5.991,1,0.0394,0.0119,4.91e-06,0.325,0.486,123.07,213309
"277",0.741,0.845,5,-3.568,0,0.0381,0.15,0,0.174,0.926,129.939,233613
"278",0.882,0.689,6,-4.027,1,0.124,0.39,0.00325,0.0501,0.746,97.963,161627
"279",0.407,0.789,7,-4.229,0,0.282,0.17,0,0.126,0.687,92.933,167857
"280",0.591,0.77,7,-5.819,1,0.0963,0.00167,9.46e-06,0.0969,0.58,120.078,173750
"281",0.782,0.651,6,-4.889,0,0.117,0.0601,0,0.0907,0.65,122.028,160838
"282",0.731,0.804,11,-7.621,0,0.0473,0.172,0.00028,0.0685,0.957,107.383,205933
"283",0.777,0.72,8,-5.293,1,0.0525,0.0438,0,0.251,0.946,114.955,194827
"284",0.51,0.835,3,-4.673,1,0.0447,0.00791,0,0.219,0.435,140.024,226747
"285",0.582,0.826,11,-4.599,0,0.0612,0.0614,2.7e-06,0.108,0.201,117.948,209933
"286",0.813,0.761,10,-5.687,0,0.085,0.0529,0.0119,0.337,0.29,124.957,173067
"287",0.44,0.635,11,-6.385,1,0.0326,0.129,0,0.121,0.327,128.133,207095
"288",0.752,0.706,5,-6.274,1,0.0636,0.0797,0.000752,0.129,0.33,125.041,208812
"289",0.568,0.588,2,-8.062,0,0.0842,0.257,0.00247,0.0871,0.388,98.016,188920
"290",0.686,0.608,8,-8.046,0,0.0678,0.0176,6.7e-06,0.0356,0.59,183.98,222813
"291",0.673,0.596,10,-7.891,1,0.0354,0.166,0,0.11,0.19,123.969,208567
"292",0.663,0.675,2,-12.159,1,0.0359,0.0863,0.00133,0.117,0.176,101.004,202093
"293",0.7,0.779,0,-5.404,1,0.0358,0.00105,0.00225,0.301,0.485,119.989,184500
"294",0.421,0.653,9,-4.85,0,0.398,0.0135,0,0.114,0.733,78.6,175424
"295",0.815,0.518,7,-6.594,0,0.0897,0.223,0,0.104,0.877,151.891,177667
"296",0.791,0.712,1,-5.536,1,0.298,0.0512,0,0.0435,0.696,90.093,170880
"297",0.878,0.477,7,-7.431,0,0.0448,0.183,0.0299,0.0729,0.787,119.967,204133
"298",0.716,0.794,9,-5.138,0,0.326,0.0802,0,0.0859,0.542,96.751,175600
"299",0.724,0.702,7,-4.622,1,0.0429,0.0648,0.000256,0.121,0.688,106.044,175823
"300",0.601,0.794,7,-5.844,0,0.0671,0.00987,1.36e-06,0.388,0.244,114.066,217467
"301",0.726,0.559,4,-6.396,1,0.0367,0.518,4.8e-06,0.11,0.394,91.038,175347
"302",0.704,0.726,9,-6.562,1,0.0446,0.0465,0,0.359,0.886,120.991,202979
"303",0.882,0.781,6,-3.406,1,0.0468,0.0161,0.000108,0.037,0.77,107.068,175776
"304",0.365,0.668,8,-7.695,1,0.0675,0.00964,2.76e-06,0.155,0.18,122.092,257744
"305",0.744,0.739,8,-5.35,1,0.0387,0.00459,0,0.306,0.649,104.99,189467
"306",0.715,0.802,11,-4.647,0,0.0394,0.139,0,0.177,0.327,124.989,197993
"307",0.928,0.672,9,-7.241,1,0.165,0.0679,0.00111,0.0988,0.595,121.982,168107
"308",0.909,0.487,11,-8.313,0,0.0979,0.0993,0,0.108,0.683,119.992,216453
"309",0.678,0.627,6,-8.008,1,0.0613,0.0704,0,0.17,0.252,105.956,206720
"310",0.699,0.435,1,-6.891,1,0.111,0.578,0,0.0884,0.45,110.288,189057
"311",0.604,0.908,0,-3.067,1,0.0522,0.0178,0,0.386,0.853,102.051,147013
"312",0.703,0.696,0,-5.482,1,0.0529,0.0375,5.65e-06,0.274,0.366,121.969,205947
"313",0.636,0.805,9,-4.594,1,0.327,0.0161,0,0.0793,0.908,92.958,196552
"314",0.689,0.892,4,-3.95,0,0.246,0.00446,0.00932,0.435,0.77,110.09,221612
"315",0.722,0.744,11,-5.52,0,0.0363,0.0234,0.000157,0.143,0.686,125.985,207630
"316",0.661,0.725,6,-4.859,1,0.0563,0.0253,0,0.123,0.605,119.927,197939
"317",0.697,0.82,5,-4.371,0,0.0485,0.0039,0,0.098,0.682,125.071,174720
"318",0.709,0.62,7,-4.708,1,0.175,0.00229,3.37e-06,0.0857,0.692,99.947,243933
"319",0.788,0.742,5,-5.61,1,0.0631,0.00695,0,0.289,0.645,159.95,199480
"320",0.778,0.422,11,-6.329,1,0.167,0.62,0,0.0792,0.267,150.7,231360
"321",0.666,0.421,6,-5.559,1,0.0328,0.635,0,0.0799,0.766,149.869,187327
"322",0.658,0.302,0,-7.261,1,0.0363,0.739,0,0.124,0.236,91.931,196281
"323",0.755,0.536,8,-5.605,1,0.12,0.114,0,0.0282,0.882,138.969,198040
"324",0.296,0.683,2,-4.413,1,0.0632,0.284,7.74e-05,0.0418,0.398,171.365,230289
"325",0.804,0.823,11,-3.496,0,0.147,0.00523,2.77e-06,0.168,0.619,98.026,199945
"326",0.755,0.725,4,-2.877,0,0.0673,0.115,0,0.16,0.558,107.996,165785
"327",0.684,0.645,11,-5.32,0,0.046,0.0258,0,0.0688,0.868,125.076,158923
"328",0.753,0.657,7,-3.061,1,0.0449,0.171,0,0.112,0.437,107.01,184732
"329",0.799,0.548,7,-6.457,1,0.21,0.193,0,0.112,0.39,127.971,222563
"330",0.778,0.824,8,-3.699,1,0.0484,0.0894,0,0.0778,0.738,135.014,209256
"331",0.735,0.663,6,-5.628,0,0.0325,0.059,6.15e-06,0.109,0.582,87.995,225237
"332",0.569,0.664,0,-5.118,0,0.034,0.312,0,0.0988,0.31,110.02,220500
"333",0.827,0.658,6,-3.846,1,0.0517,0.0224,0,0.0417,0.523,115.016,152862
"334",0.856,0.632,6,-3.692,0,0.074,0.193,0,0.0688,0.697,112.009,180493
"335",0.462,0.756,5,-6.586,1,0.0516,0.154,0.000366,0.236,0.542,166.045,204413
"336",0.697,0.489,10,-6.277,0,0.0945,0.601,0,0.129,0.663,89.856,180000
"337",0.653,0.809,0,-4.057,1,0.0474,0.194,0,0.165,0.55,92.213,210773
"338",0.696,0.849,7,-4.391,1,0.289,0.0457,0,0.372,0.502,108.127,173910
"339",0.951,0.6,0,-4.675,0,0.0685,0.106,0,0.0712,0.822,125.04,218573
"340",0.924,0.647,7,-3.349,1,0.0712,0.00317,0,0.193,0.678,112.239,290120
"341",0.981,0.744,9,-5.771,1,0.0705,0.0679,3.84e-06,0.0864,0.891,118.057,230385
"342",0.654,0.81,4,-6.26,0,0.0288,0.00719,0.00251,0.165,0.661,114.623,200307
"343",0.774,0.687,11,-4.818,0,0.0584,0.0179,1.17e-05,0.128,0.308,104.959,189440
"344",0.799,0.597,5,-5.131,0,0.0611,0.0788,5.66e-06,0.1,0.419,110.001,199849
"345",0.718,0.926,1,-3.511,1,0.0494,0.027,1.76e-05,0.0513,0.54,108.018,204583
"346",0.739,0.619,10,-6.669,1,0.162,0.0572,0,0.105,0.58,112.961,222787
"347",0.466,0.659,2,-6.077,1,0.115,0.00282,0,0.273,0.36,186.169,187787
"348",0.736,0.614,0,-5.339,0,0.0955,0.0909,0,0.115,0.791,105.008,194533
"349",0.635,0.691,0,-4.862,1,0.258,0.555,0,0.097,0.638,82.142,217419
"350",0.724,0.691,6,-5.665,0,0.0324,0.0172,1.68e-05,0.194,0.236,126.002,217984
"351",0.642,0.823,0,-5.717,1,0.0289,0.00159,0,0.0776,0.431,122.977,227344
"352",0.756,0.789,2,-7.002,1,0.0324,0.53,0.000711,0.157,0.873,127.987,176267
"353",0.778,0.831,11,-4.453,1,0.201,0.0363,3.85e-05,0.334,0.645,96.998,167760
"354",0.432,0.656,5,-4.669,0,0.428,0.0488,0,0.256,0.66,199.232,167693
"355",0.76,0.588,9,-7.082,1,0.0775,0.0485,0,0.0847,0.384,102.974,204400
"356",0.421,0.791,9,-4.998,1,0.0496,0.0117,1.48e-05,0.146,0.499,130.075,257200
"357",0.641,0.922,2,-4.457,1,0.0786,0.0291,0,0.0862,0.847,146.078,258343
"358",0.793,0.774,0,-3.667,0,0.0478,0.156,0,0.193,0.547,113.967,202307
"359",0.719,0.847,0,-6.34,0,0.0916,0.00201,0.0204,0.223,0.444,127.963,242680
"360",0.725,0.68,8,-5.465,1,0.0306,0.162,2.13e-06,0.158,0.76,119.939,247520
"361",0.737,0.723,1,-5.51,0,0.0295,0.0179,0,0.0675,0.893,120.003,189840
"362",0.719,0.671,8,-6.279,1,0.0336,0.0372,8.21e-06,0.12,0.786,130.027,237627
"363",0.72,0.791,1,-4.689,1,0.124,0.0384,0,0.157,0.756,102.071,175427
"364",0.694,0.815,2,-4.328,1,0.12,0.229,0,0.0924,0.813,88.931,228827
"365",0.548,0.65,8,-5.827,0,0.0591,0.219,0,0.225,0.557,144.937,194897
"366",0.774,0.626,3,-4.432,0,0.0432,0.0969,3.12e-05,0.0848,0.777,100.041,211475
"367",0.657,0.827,5,-4.036,1,0.0734,0.000704,0.00534,0.065,0.69,145.889,190186
"368",0.786,0.854,2,-4.247,1,0.0523,0.0729,1.63e-06,0.179,0.687,105.078,157165
"369",0.746,0.877,9,-3.782,0,0.0666,0.0375,0.000833,0.233,0.751,107.985,166138
"370",0.334,0.617,6,-5.834,0,0.383,0.334,0,0.163,0.603,85.227,216391
"371",0.697,0.7,7,-6.651,0,0.0985,0.157,0,0.217,0.577,123.013,231266
"372",0.695,0.818,5,-5.379,0,0.0334,0.00647,4.87e-06,0.0219,0.916,119.965,182693
"373",0.664,0.883,10,-3.406,0,0.0353,0.00151,0.0926,0.072,0.381,127.962,252080
"374",0.612,0.691,0,-4.932,0,0.12,0.0432,0,0.19,0.25,175.003,164587
"375",0.597,0.712,8,-5.06,1,0.0716,0.274,0,0.0538,0.679,157.992,198240
"376",0.688,0.532,6,-8.361,0,0.0875,0.0356,3.08e-06,0.172,0.565,164.068,223079
"377",0.636,0.727,9,-5.852,1,0.106,0.0161,1.12e-06,0.151,0.358,107.988,244453
"378",0.741,0.626,1,-4.826,0,0.0886,0.02,0,0.0828,0.706,108.029,188493
"379",0.813,0.872,9,-5.224,1,0.107,0.00621,0,0.0498,0.736,103.016,171413
"380",0.652,0.713,8,-5.311,1,0.0368,0.0771,1.02e-05,0.144,0.152,100.023,205947
"381",0.711,0.7,1,-4.805,0,0.046,0.00498,0.000125,0.215,0.801,128.001,211920
"382",0.757,0.884,10,-5.488,0,0.0404,0.00795,5.87e-05,0.0973,0.398,120.012,217907
"383",0.671,0.777,2,-4.322,1,0.046,0.0057,0.0011,0.0783,0.289,99.98,230907
"384",0.884,0.765,8,-3.865,1,0.0882,0.063,7.04e-06,0.118,0.594,99.987,224573
"385",0.697,0.506,8,-4.863,1,0.0325,0.0792,0,0.0893,0.516,100.002,211364
"386",0.279,0.742,4,-6.46,0,0.0898,0.000185,0,0.593,0.328,189.868,231013
"387",0.385,0.866,4,-2.817,0,0.0697,0.004,0,0.111,0.551,176.014,228360
"388",0.69,0.636,9,-6.028,0,0.0457,0.0203,0,0.147,0.8,96,204285
"389",0.628,0.593,8,-5.036,1,0.0323,0.093,1.65e-06,0.096,0.104,125.026,197267
"390",0.669,0.78,7,-4.287,0,0.053,0.0265,1.63e-06,0.143,0.738,139.945,212333
"391",0.662,0.602,4,-5.369,0,0.0401,0.0529,0,0.356,0.29,133.969,235947
"392",0.706,0.786,0,-3.417,0,0.0909,0.26,0,0.38,0.749,150.035,199387
"393",0.6,0.412,8,-9.343,1,0.344,0.615,0.0025,0.134,0.408,113.049,225882
"394",0.657,0.739,2,-4.081,1,0.274,0.141,0,0.178,0.543,181.994,202221
"395",0.885,0.801,11,-4.716,0,0.0882,0.225,1.65e-06,0.0733,0.466,95.011,192376
"396",0.682,0.767,9,-4.628,0,0.102,0.106,0,0.163,0.722,113.842,223827
"397",0.607,0.376,4,-9.954,1,0.453,0.856,0,0.285,0.545,102.541,233720
"398",0.795,0.616,1,-5.281,0,0.06,0.417,0,0.349,0.815,110.015,190453
"399",0.672,0.593,11,-4.01,0,0.0304,0.0223,0,0.214,0.438,98.02,229080
"400",0.775,0.68,0,-5.508,0,0.0629,0.00906,0,0.109,0.656,114.025,207719
"401",0.835,0.626,1,-5.833,1,0.125,0.0589,6e-05,0.396,0.35,91.03,217925
"402",0.581,0.845,7,-4.893,1,0.226,0.0997,0,0.104,0.482,160.044,189509
"403",0.668,0.735,7,-7.747,1,0.0615,0.0138,0,0.879,0.441,95.109,269573
"404",0.736,0.756,11,-7.099,1,0.047,0.00632,0.00577,0.106,0.712,117.016,231847
"405",0.353,0.755,1,-6.276,0,0.733,0.0822,0,0.39,0.437,191.153,193680
"406",0.866,0.859,1,-3.087,0,0.0587,0.138,0,0.401,0.923,109.972,200347
"407",0.702,0.844,6,-4.054,0,0.0769,0.0294,0,0.38,0.786,100.043,205209
"408",0.711,0.653,9,-7.501,1,0.0776,0.0362,0.00482,0.149,0.551,156.051,201168
"409",0.766,0.947,4,-4.105,1,0.094,0.0367,0.000178,0.647,0.895,117.99,219200
"410",0.511,0.833,0,-5.412,1,0.0713,0.0234,4.61e-06,0.0573,0.493,117.308,214026
"411",0.503,0.764,10,-7.301,1,0.0694,0.00016,1.29e-06,0.0788,0.186,117.929,209492
"412",0.649,0.608,7,-9.08,0,0.027,0.288,0,0.318,0.331,100.005,159554
"413",0.739,0.761,11,-7.238,0,0.127,0.152,2.09e-05,0.534,0.65,130.108,173538
"414",0.498,0.678,7,-8.418,1,0.301,0.106,0,0.278,0.337,127.354,236147
"415",0.663,0.714,7,-3.419,1,0.0714,0.341,0,0.0716,0.389,123.106,183488
"416",0.879,0.547,6,-5.67,0,0.148,0.0154,1.65e-05,0.0295,0.665,99.014,228400
"417",0.362,0.911,6,-4.542,1,0.194,0.449,0,0.964,0.471,84.851,221067
"418",0.607,0.74,4,-4.793,0,0.172,0.0829,0,0.105,0.219,108.05,189401
"419",0.652,0.773,11,-4.815,0,0.0337,0.0593,0,0.0615,0.183,97.515,174507
"420",0.55,0.929,8,-4.092,0,0.349,0.0118,0,0.333,0.787,82.402,196147
"421",0.749,0.907,6,-3.168,1,0.0638,0.141,0,0.108,0.68,124.958,219080
"422",0.662,0.844,8,-5.495,1,0.0669,0.00295,4.78e-05,0.525,0.763,145.007,205760
"423",0.719,0.798,5,-7.076,1,0.189,0.443,0.00716,0.0848,0.525,115.985,265618
"424",0.376,0.77,5,-5.51,0,0.0623,0.107,0,0.171,0.365,96.14,203573
"425",0.53,0.728,0,-5.368,0,0.154,0.242,0,0.0836,0.51,110.23,189808
"426",0.747,0.834,3,-2.867,0,0.045,0.374,0,0.0586,0.687,128.005,215760
"427",0.783,0.537,9,-2.921,1,0.0749,0.278,0,0.229,0.392,113.977,222866
"428",0.81,0.759,9,-3.029,0,0.0376,0.111,4.73e-06,0.0919,0.615,104.993,212372
"429",0.759,0.747,9,-5.728,1,0.378,0.0317,0,0.0564,0.52,138.052,182960
"430",0.68,0.536,5,-6.669,0,0.0582,0.0102,0.00105,0.113,0.417,119.958,233947
"431",0.741,0.667,10,-5.445,1,0.134,0.0575,0,0.106,0.595,112.956,223504
"432",0.58,0.846,9,-2.876,0,0.0573,0.00537,6.62e-06,0.145,0.366,129.998,240000
"433",0.678,0.679,1,-7.093,1,0.0644,0.301,0.000136,0.112,0.218,119.977,188346
"434",0.727,0.456,9,-7.26,1,0.285,0.0705,0,0.124,0.548,111.331,208400
"435",0.564,0.722,1,-5.59,0,0.124,0.162,0,0.0931,0.276,99.083,165627
"436",0.651,0.628,1,-5.811,1,0.0959,0.173,0,0.0591,0.513,150.014,169369
"437",0.531,0.672,7,-8.513,0,0.427,0.142,5.2e-05,0.0729,0.503,134.821,203813
"438",0.666,0.677,2,-5.743,1,0.0326,0.214,0,0.0979,0.178,100.014,178242
"439",0.761,0.719,1,-7.026,0,0.0531,0.0182,2.62e-06,0.133,0.636,122.008,204707
"440",0.579,0.904,5,-2.729,1,0.0618,0.193,0,0.064,0.681,82.014,190947
"441",0.721,0.881,8,-2.528,1,0.342,0.41,7.61e-06,0.292,0.643,127.759,213750
"442",0.635,0.75,6,-4.658,0,0.0376,0.114,4.35e-05,0.22,0.511,102.055,187973
"443",0.596,0.854,7,-5.114,0,0.463,0.0169,0,0.124,0.152,120.274,203418
"444",0.541,0.87,1,-4.741,1,0.122,0.00527,0,0.0867,0.665,179.975,171440
"445",0.375,0.889,3,-3.704,1,0.0991,0.0848,0,0.136,0.881,199.669,185200
"446",0.381,0.706,4,-6.948,1,0.238,0.212,8.67e-06,0.0692,0.519,88.017,214728
"447",0.491,0.617,4,-4.545,0,0.147,0.0974,0,0.27,0.17,126.816,194533
"448",0.822,0.611,0,-5.448,1,0.17,0.0292,0,0.0628,0.567,105.052,176944
"449",0.758,0.797,8,-2.861,1,0.0759,0.001,1.32e-06,0.526,0.719,106.947,180167
"450",0.608,0.536,8,-5.355,0,0.0469,0.00704,3.59e-05,0.46,0.167,112.035,203841
"451",0.331,0.784,11,-5.002,1,0.0561,3.12e-05,0,0.427,0.902,182.964,197672
"452",0.69,0.784,1,-4.653,1,0.032,0.323,0,0.203,0.669,106.066,194408
"453",0.432,0.85,10,-4.417,1,0.0771,0.501,6.59e-06,0.203,0.109,82.607,206727
"454",0.774,0.546,1,-12.705,0,0.0792,0.112,0.00141,0.0633,0.679,109.959,157400
"455",0.478,0.791,8,-3.661,1,0.0632,0.0853,5.31e-05,0.0557,0.526,66.919,221907
"456",0.794,0.713,11,-4.026,1,0.0872,0.158,0.07,0.107,0.717,134.983,270359
"457",0.851,0.541,0,-6.825,1,0.0505,0.568,0,0.13,0.448,124.959,235545
"458",0.683,0.782,0,-2.989,1,0.0497,0.408,0,0.236,0.673,100.954,201420
"459",0.694,0.41,2,-5.963,1,0.0708,0.386,5.07e-06,0.115,0.539,131.906,223533
"460",0.735,0.584,1,-5.047,1,0.14,0.189,0,0.125,0.395,93.016,219187
"461",0.495,0.664,4,-5.434,1,0.0462,0.0469,0,0.106,0.421,75.215,198414
"462",0.719,0.791,5,-8.749,1,0.109,0.0265,6.28e-06,0.267,0.599,139.972,160240
"463",0.488,0.725,3,-5.605,1,0.0574,0.0699,0,0.115,0.429,165.958,227211
"464",0.353,0.815,7,-1.844,1,0.212,0.164,0,0.217,0.245,167.971,238760
"465",0.576,0.884,8,-5.262,1,0.0464,0.00569,0,0.185,0.595,115.141,230400
"466",0.643,0.499,2,-6.795,0,0.0308,0.0478,0,0.108,0.363,133.978,275040
"467",0.747,0.706,8,-5.659,0,0.0585,0.0981,0,0.341,0.516,94.977,155272
"468",0.868,0.779,0,-7.945,1,0.0479,0.141,6.64e-06,0.0866,0.535,117.932,209239
"469",0.454,0.816,7,-7.337,1,0.0328,0.076,0,0.333,0.655,80.988,187160
"470",0.765,0.516,0,-5.775,1,0.0702,0.0457,2.18e-06,0.145,0.741,100.016,202213
"471",0.791,0.935,3,-4.118,0,0.074,0.0701,0.00369,0.0511,0.802,121.999,159010
"472",0.831,0.713,1,-3.646,0,0.094,0.181,0,0.0572,0.69,132.109,202853
"473",0.737,0.636,11,-4.546,0,0.0437,0.0441,6.66e-05,0.35,0.565,105.005,222653
"474",0.86,0.758,6,-4.439,1,0.0597,0.103,7e-06,0.187,0.67,110.022,215413
"475",0.748,0.551,5,-5.772,1,0.0907,0.327,1.43e-05,0.096,0.334,104.175,178424
"476",0.647,0.853,8,-4.516,1,0.0904,0.0615,0,0.062,0.618,103.846,189000
"477",0.601,0.724,6,-4.856,1,0.0486,0.0945,1.68e-06,0.12,0.508,102.061,207905
"478",0.504,0.821,8,-3.356,1,0.0598,0.275,0,0.0418,0.458,155.131,201799
"479",0.863,0.657,7,-7.295,1,0.105,0.264,0.00619,0.0713,0.829,115.958,235813
"480",0.716,0.839,10,-4.945,0,0.0379,0.0898,3.36e-06,0.0711,0.703,107.011,193001
"481",0.728,0.69,8,-4.344,0,0.0524,0.0164,0,0.104,0.415,94.028,221153
"482",0.68,0.715,7,-5.279,0,0.173,0.0218,0,0.166,0.853,101.983,183482
"483",0.792,0.895,1,-3.112,0,0.0589,0.165,0,0.0501,0.794,94.968,201526
"484",0.631,0.599,7,-6.137,0,0.0878,0.067,0,0.0952,0.727,170.122,190576
"485",0.623,0.851,7,-3.111,1,0.0409,0.0228,0,0.12,0.4,100.063,193924
"486",0.667,0.624,1,-5.527,1,0.0688,0.0152,2.05e-05,0.296,0.19,101.96,189815
"487",0.794,0.758,9,-6.32,0,0.0382,0.203,0.00011,0.0879,0.507,124.974,206619
"488",0.607,0.717,5,-5.771,1,0.0634,0.0067,0.00132,0.256,0.376,125.956,217679
"489",0.725,0.834,5,-3.913,0,0.037,0.0784,1.27e-05,0.0834,0.859,120.026,204022
"490",0.671,0.834,1,-3.928,0,0.0885,0.0387,0,0.454,0.454,113.021,190921
"491",0.791,0.862,9,-3.24,0,0.11,0.037,2.19e-05,0.0814,0.592,123.994,214847
"492",0.706,0.842,8,-3.687,1,0.0367,0.00533,0.000316,0.0879,0.239,124.003,188919
"493",0.747,0.867,2,-3.561,1,0.0392,0.00894,0.00267,0.063,0.791,124.013,172447
"494",0.729,0.675,2,-5.62,0,0.0415,0.53,0,0.0985,0.332,116.016,214667
"495",0.708,0.701,0,-5.196,1,0.0328,0.031,0,0.392,0.504,120.932,222097
"496",0.396,0.787,0,-3.629,1,0.121,0.175,0.000132,0.0512,0.921,189.989,219133
"497",0.708,0.543,0,-7.887,0,0.0355,0.33,1.43e-06,0.221,0.606,124.954,201104
"498",0.505,0.536,6,-7.45,1,0.0331,0.00927,0,0.124,0.238,151.714,173684
"499",0.537,0.746,10,-6.467,0,0.0431,0.104,0.304,0.114,0.281,119.919,234725
"500",0.592,0.749,11,-3.896,0,0.037,0.191,1.62e-05,0.14,0.681,110.079,180264
"501",0.669,0.684,7,-4.595,1,0.0585,0.252,0,0.72,0.466,96.097,192537
"502",0.89,0.624,1,-3.966,1,0.103,0.0944,5.16e-06,0.0903,0.762,116.046,169814
"503",0.463,0.958,10,-3.622,0,0.122,0.0349,0.00785,0.0944,0.155,170.03,197680
"504",0.402,0.75,0,-6.607,1,0.0567,0.0125,0.00192,0.396,0.502,146.223,190330
"505",0.719,0.703,5,-4.93,0,0.0392,0.032,1.14e-05,0.0656,0.72,101.984,223000
"506",0.665,0.709,11,-3.643,1,0.037,0.0371,0,0.323,0.841,100.001,205049
"507",0.465,0.917,5,-6.331,1,0.237,0.0152,0.02,0.286,0.39,155.061,217824
"508",0.671,0.685,5,-5.62,0,0.117,0.182,0,0.499,0.683,148.049,185961
"509",0.808,0.766,11,-4.701,0,0.041,0.0294,0.000119,0.22,0.858,116.984,204338
"510",0.688,0.557,9,-11.458,1,0.0694,0.00121,0.897,0.26,0.0696,89.003,215730
"511",0.617,0.661,2,-6.355,1,0.0433,0.103,0,0.133,0.579,122.009,193226
"512",0.662,0.586,9,-6.355,0,0.186,0.183,0,0.153,0.641,170.95,234953
"513",0.898,0.51,0,-6.392,1,0.0386,0.0147,0,0.0745,0.758,112.022,125784
"514",0.583,0.662,0,-6.025,1,0.156,0.00541,1.96e-06,0.284,0.636,150.305,199707
"515",0.677,0.486,6,-7.947,1,0.0305,0.253,0.688,0.0912,0.061,108.042,220556
"516",0.417,0.673,6,-7.719,1,0.0497,0.199,0,0.128,0.314,108.994,222533
"517",0.652,0.897,7,-4.481,0,0.036,0.293,0,0.0722,0.475,114.033,193377
"518",0.694,0.852,7,-5.34,0,0.257,0.0882,0,0.334,0.377,107.178,201253
"519",0.841,0.798,1,-4.206,0,0.229,0.153,3.33e-06,0.0618,0.591,95.948,212500
"520",0.738,0.875,7,-3.141,1,0.127,0.000673,0.000556,0.285,0.538,114.962,219733
"521",0.61,0.803,1,-4.523,1,0.035,0.0107,2.92e-05,0.0386,0.438,89.997,191027
"522",0.709,0.782,7,-3.526,0,0.0469,0.0771,4.71e-06,0.302,0.728,102.032,225253
"523",0.719,0.616,0,-7.061,1,0.0426,0.254,0,0.307,0.697,105.097,187351
"524",0.693,0.752,7,-4.599,0,0.0468,0.267,0,0.158,0.536,86.039,155587
"525",0.777,0.579,7,-5.515,1,0.184,0.239,0,0.105,0.413,110.007,183280
"526",0.723,0.567,11,-8.774,1,0.0712,0.0849,5.37e-06,0.219,0.84,140.061,207547
"527",0.56,0.925,2,-3.404,1,0.0263,0.000583,3.01e-05,0.285,0.522,104.964,221714
"528",0.701,0.679,1,-6.652,1,0.0401,0.00987,0,0.131,0.536,134.88,218760
"529",0.82,0.792,6,-4.523,0,0.0567,0.101,0,0.348,0.813,123.006,189640
"530",0.588,0.901,7,-4.194,1,0.164,0.00303,0,0.057,0.712,152.92,190000
"531",0.808,0.581,11,-5.43,1,0.07,0.0053,1.19e-05,0.0828,0.758,130.012,172427
"532",0.807,0.858,6,-4.191,0,0.0423,0.331,2.54e-05,0.0869,0.375,102.058,208252
"533",0.581,0.571,5,-8.733,1,0.135,0.00662,5.68e-06,0.14,0.328,74.973,198600
"534",0.664,0.543,1,-8.067,0,0.209,0.011,4.11e-05,0.0779,0.468,159.889,175000
"535",0.706,0.874,9,-5.84,0,0.0675,0.0194,0.000172,0.109,0.711,122.995,220363
"536",0.697,0.499,8,-15.697,0,0.195,0.455,0,0.0971,0.62,110.011,200882
"537",0.726,0.802,0,-3.919,1,0.0381,0.0175,6.01e-05,0.0892,0.829,120.009,204800
"538",0.562,0.767,9,-5.069,1,0.0653,0.244,0.000234,0.687,0.741,166.123,266347
"539",0.723,0.858,5,-6.609,0,0.0995,0.0346,0.000319,0.109,0.436,105.988,221887
"540",0.588,0.829,0,-7.447,1,0.0374,0.066,0,0.348,0.478,97.988,187053
"541",0.712,0.604,7,-5.758,1,0.0356,0.0142,5.58e-06,0.311,0.563,117.996,214084
"542",0.759,0.455,7,-10.319,1,0.0457,0.0488,0.0134,0.25,0.134,92.02,277174
"543",0.616,0.695,9,-5.733,0,0.0423,0.0147,0,0.492,0.382,119.01,251293
"544",0.496,0.743,6,-4.227,1,0.0336,0.144,0,0.092,0.568,122.352,202440
"545",0.746,0.767,1,-2.907,0,0.0374,0.0601,1.07e-05,0.0859,0.773,94.007,196628
"546",0.699,0.68,4,-4.796,0,0.0442,0.00911,0,0.35,0.463,95.02,188368
"547",0.556,0.918,11,-4.896,0,0.064,0.0105,0,0.291,0.886,154.008,197084
"548",0.502,0.872,6,-8.088,1,0.068,0.0191,1.11e-06,0.353,0.719,168.145,193401
"549",0.706,0.678,5,-5.56,0,0.0677,0.0919,0,0.11,0.464,119.919,171703
"550",0.601,0.775,0,-4.612,1,0.0473,0.269,0,0.0883,0.483,119.964,190295
"551",0.74,0.669,0,-5.199,1,0.0373,0.0445,0,0.184,0.536,122.007,218868
"552",0.709,0.857,9,-3.394,1,0.0881,0.00219,0,0.103,0.446,126.038,260234
"553",0.56,0.869,0,-2.391,1,0.237,0.114,2.88e-06,0.143,0.866,190.036,202199
"554",0.709,0.759,5,-3.811,0,0.0454,0.114,0.000129,0.347,0.586,148.011,192588
"555",0.597,0.751,6,-4.982,0,0.193,0.0104,0,0.0912,0.568,103.956,201680
"556",0.621,0.641,6,-7.114,1,0.0579,0.0862,0.00115,0.112,0.364,92.514,180865
"557",0.595,0.716,5,-5.83,1,0.161,0.0304,3.97e-06,0.0914,0.358,150.025,187204
"558",0.681,0.715,1,-5.148,1,0.0638,0.0039,5.04e-05,0.0569,0.459,98.96,201200
"559",0.925,0.728,1,-6.82,1,0.254,0.00408,0,0.207,0.667,96.54,379120
"560",0.683,0.763,5,-6.588,1,0.191,0.427,0,0.184,0.948,173.954,246067
"561",0.643,0.904,0,-3.694,1,0.0739,0.0776,0,0.189,0.481,103.028,195419
"562",0.53,0.953,6,-2.708,1,0.047,3.02e-05,0.483,0.319,0.817,137.048,204742
"563",0.703,0.838,8,-5.882,1,0.0328,0.0106,0.000237,0.103,0.484,110.061,249853
"564",0.403,0.93,1,-3.669,1,0.0991,0.00219,0.000114,0.352,0.486,156.114,163567
"565",0.429,0.961,8,-4.317,1,0.112,0.000703,0.000567,0.279,0.769,186.086,176523
"566",0.512,0.848,7,-3.425,0,0.0305,0.00228,0.000574,0.0963,0.536,95.958,150266
"567",0.761,0.818,6,-5.238,0,0.0978,0.058,0,0.11,0.348,110.99,177533
"568",0.568,0.656,8,-5.413,1,0.0433,0.0211,1.37e-05,0.213,0.364,100.049,198160
"569",0.602,0.658,1,-5.934,1,0.0558,0.0233,6e-05,0.237,0.268,145.031,197547
"570",0.671,0.636,11,-6.19,1,0.0327,0.116,3.14e-06,0.241,0.763,90.431,181120
"571",0.704,0.813,5,-7.972,1,0.0825,0.471,0,0.325,0.681,125.036,169091
"572",0.675,0.826,2,-4.02,1,0.0631,0.202,0,0.0789,0.761,172.025,183900
"573",0.664,0.774,0,-4.163,1,0.0446,0.0649,0,0.513,0.365,104.948,175000
"574",0.529,0.871,10,-5.831,1,0.155,0.118,0.000164,0.115,0.272,189.837,199867
"575",0.622,0.445,2,-5.157,1,0.029,0.134,0,0.12,0.202,131.933,184318
"576",0.667,0.917,7,-4.881,0,0.0462,0.274,0.000179,0.094,0.948,104.029,184406
"577",0.711,0.796,10,-5.87,1,0.0341,0.0716,0.0045,0.262,0.901,109.991,208733
"578",0.577,0.791,5,-3.054,1,0.0316,0.0116,0,0.179,0.431,124.013,188252
"579",0.448,0.612,2,-6.106,1,0.0708,0.216,0,0.08,0.213,97.773,189467
"580",0.751,0.76,5,-4.848,1,0.0356,0.0446,0,0.226,0.322,114.928,250427
"581",0.611,0.602,5,-4.89,1,0.0437,0.000837,0,0.112,0.624,168.154,148460
"582",0.754,0.716,7,-6.833,1,0.0357,0.0418,0,0.163,0.67,128.089,137237
"583",0.694,0.668,6,-5.891,0,0.088,0.00148,0.00304,0.074,0.258,114.06,198298
"584",0.671,0.623,5,-8.828,1,0.142,0.0736,0,0.094,0.349,181.97,176551
"585",0.63,0.796,5,-7.008,1,0.0638,0.0757,2.37e-05,0.0957,0.388,99.886,172487
"586",0.735,0.572,11,-7.063,0,0.0415,0.0348,1.28e-06,0.135,0.621,128.012,234000
"587",0.615,0.829,6,-4.921,0,0.0648,0.0601,7.03e-06,0.129,0.787,147.989,183933
"588",0.586,0.806,5,-2.962,1,0.0303,0.0806,0.000144,0.527,0.254,134.972,266045
"589",0.764,0.68,1,-4.84,0,0.0806,0.617,0,0.0862,0.416,123.958,201943
"590",0.59,0.651,7,-4.99,0,0.0404,0.00192,0,0.381,0.274,136.101,205587
"591",0.788,0.252,11,-19.024,0,0.123,0.698,0.00137,0.0968,0.887,100.009,142200
"592",0.698,0.401,9,-9.439,1,0.0269,0.872,5.42e-06,0.0935,0.593,103.162,174314
"593",0.805,0.378,1,-10.029,1,0.0434,0.542,0,0.14,0.919,116.005,180373
"594",0.598,0.663,1,-8.636,1,0.0282,0.37,0.00118,0.0861,0.603,145.011,205312
"595",0.742,0.665,1,-6.98,1,0.0326,0.0981,0.00222,0.0728,0.34,99.995,218400
"596",0.604,0.805,11,-4.536,0,0.0356,0.00261,4.43e-05,0.052,0.764,74.013,169240
"597",0.745,0.391,7,-10.496,1,0.338,0.375,0,0.102,0.641,88.973,226901
"598",0.689,0.684,8,-4.561,1,0.0463,0.00284,0,0.758,0.692,107.989,173767
"599",0.749,0.826,5,-5.739,0,0.0334,0.0518,9.19e-06,0.101,0.753,116.011,204104
"600",0.604,0.673,1,-5.979,1,0.0545,0.0268,3.32e-05,0.187,0.287,144.971,197573
"601",0.533,0.698,3,-7.853,1,0.0678,0.501,5.27e-06,0.478,0.786,154.837,164293
"602",0.792,0.841,2,-8.734,1,0.0475,0.134,0.0723,0.181,0.848,123.176,253493
"603",0.666,0.719,11,-9.237,1,0.0494,0.0267,7.43e-05,0.635,0.8,117.184,265600
"604",0.629,0.621,5,-7.313,0,0.0286,0.468,0.000192,0.131,0.591,114.992,227520
"605",0.274,0.88,9,-8.154,1,0.0465,0.0486,0.141,0.16,0.826,181.879,279320
"606",0.694,0.881,1,-4.053,0,0.0701,0.0153,0.0196,0.0851,0.924,121.554,231787
"607",0.197,0.798,2,-7.334,1,0.0656,0.000545,0.414,0.187,0.525,175.068,261387
"608",0.882,0.94,11,-4.235,1,0.0797,0.0675,0.0262,0.115,0.92,119.237,364560
"609",0.553,0.838,0,-5.824,1,0.0317,0.123,3.01e-05,0.053,0.821,129.893,244107
"610",0.729,0.413,0,-15.291,0,0.0405,0.662,0,0.0499,0.896,114.217,210280
"611",0.695,0.568,3,-13.572,1,0.0294,0.166,0,0.125,0.786,111.887,280760
"612",0.834,0.559,8,-9.366,0,0.0603,0.614,0.00434,0.0839,0.874,119.422,363413
"613",0.566,0.49,9,-11.703,1,0.0402,0.646,7.34e-05,0.212,0.601,85.615,128853
"614",0.554,0.783,6,-5.852,1,0.0457,0.416,1.54e-06,0.631,0.813,105.39,162467
"615",0.691,0.598,9,-9.117,1,0.0348,0.243,0.00176,0.128,0.764,97.968,249253
"616",0.824,0.739,0,-7.198,1,0.0602,0.24,1.43e-06,0.0866,0.954,139.344,275293
"617",0.678,0.815,5,-12.213,1,0.0612,0.0526,0.00343,0.164,0.882,110.767,227493
"618",0.474,0.83,8,-10.463,1,0.0304,0.354,0.0012,0.0835,0.978,148.723,148120
"619",0.63,0.788,5,-6.7,1,0.0298,0.00322,0.0237,0.0883,0.63,120.059,241080
"620",0.539,0.938,2,-6.49,1,0.0515,0.0161,0.00161,0.17,0.37,136.287,248400
"621",0.737,0.988,2,-5.477,1,0.0504,0.0419,0.0356,0.129,0.798,119.002,296733
"622",0.438,0.904,2,-4.789,1,0.0778,0.011,0.0879,0.835,0.238,131.957,200400
"623",0.912,0.836,2,-7.615,1,0.231,0.076,3.22e-06,0.0285,0.724,111.7,239467
"624",0.705,0.949,7,-6.059,1,0.0896,0.0522,0.00158,0.0534,0.909,143.733,257427
"625",0.893,0.74,11,-4.936,0,0.132,0.299,0,0.0881,0.963,101.025,299147
"626",0.703,0.529,7,-11.112,1,0.1,0.0168,0.000573,0.911,0.772,128.057,179427
"627",0.428,0.802,0,-5.732,1,0.0835,0.531,4.05e-05,0.272,0.384,138.858,140053
"628",0.478,0.965,10,-5.022,1,0.0642,0.000169,0.00251,0.0854,0.347,125.152,262000
"629",0.663,0.798,10,-10.879,0,0.0451,0.0971,0,0.277,0.733,125.598,228467
"630",0.506,0.983,2,-3.249,1,0.0944,0.0262,1.74e-06,0.227,0.551,109.224,217339
"631",0.635,0.781,7,-6.045,1,0.0341,8.74e-05,0.00153,0.0412,0.926,127.706,215067
"632",0.853,0.925,10,-3.461,0,0.0989,0.153,2.32e-05,0.361,0.831,134.524,254400
"633",0.776,0.778,5,-8.11,1,0.0521,0.196,0.00682,0.0853,0.842,128.459,280000
"634",0.537,0.882,0,-2.306,1,0.0403,0.000342,9.06e-05,0.12,0.81,145.729,179813
"635",0.846,0.922,6,-5.564,0,0.046,0.0346,0.274,0.0837,0.845,122.366,361467
"636",0.658,0.741,11,-6.81,0,0.0816,0.626,0.361,0.216,0.909,175.978,239987
"637",0.596,0.955,4,-8.225,1,0.252,0.449,0,0.182,0.575,96.134,237960
"638",0.909,0.718,11,-7.399,0,0.128,0.0518,2.13e-05,0.299,0.895,113.038,244213
"639",0.621,0.783,0,-6.379,1,0.0373,0.0881,0.00226,0.236,0.874,148.074,240027
"640",0.661,0.928,5,-6.898,0,0.0441,0.125,0.00277,0.345,0.851,108.587,306147
"641",0.613,0.953,2,-3.435,1,0.0855,0.00148,0.000582,0.152,0.537,105.046,213800
"642",0.771,0.786,8,-6.299,1,0.0904,0.0784,0,0.122,0.872,113.281,210533
"643",0.412,0.768,5,-8.418,0,0.0425,0.168,2.83e-05,0.206,0.885,125.285,238093
"644",0.648,0.918,9,-4.895,1,0.0374,0.00145,5.16e-05,0.0471,0.95,141.229,241400
"645",0.573,0.969,10,-4.05,1,0.0506,0.00137,0.119,0.105,0.895,109.906,238880
"646",0.81,0.474,11,-8.697,1,0.0467,0.218,0,0.083,0.87,109.335,201867
"647",0.686,0.632,9,-11.433,1,0.0353,0.0398,2.2e-06,0.0686,0.88,118.965,192133
"648",0.669,0.661,4,-10.346,1,0.0486,0.0976,0.000954,0.0847,0.708,114.573,288333
"649",0.739,0.492,5,-8.952,1,0.0449,0.101,0.198,0.0582,0.94,166.826,186587
"650",0.611,0.697,2,-8.618,1,0.133,0.0193,0,0.332,0.476,122.752,320357
"651",0.668,0.76,7,-6.831,1,0.034,0.137,0,0.0803,0.61,114.378,235667
"652",0.731,0.255,3,-11.732,1,0.0375,0.485,0,0.09,0.564,135.346,128467
"653",0.817,0.791,9,-6.591,1,0.0353,0.0646,0.00113,0.109,0.97,120.002,179000
"654",0.662,0.802,6,-5.896,0,0.0606,0.0291,0.000245,0.116,0.655,143.031,357333
"655",0.522,0.882,0,-3.216,1,0.0359,0.0599,0.00021,0.33,0.815,122.541,250627
"656",0.691,0.853,7,-11.298,0,0.0327,0.0171,0,0.0453,0.929,120.055,290333
"657",0.775,0.743,11,-5.037,0,0.106,0.115,0,0.123,0.768,104.992,228707
"658",0.375,0.389,10,-10.414,0,0.0396,0.222,3.91e-06,0.194,0.378,146.457,217800
"659",0.701,0.792,7,-8.644,0,0.0549,0.142,1.28e-06,0.764,0.9,133.451,257520
"660",0.491,0.831,6,-5.321,0,0.0349,0.000285,7.88e-05,0.0761,0.828,193.968,181667
"661",0.406,0.889,0,-8.601,1,0.0503,0.000966,0.000538,0.242,0.517,104.97,178979
"662",0.701,0.523,7,-10.44,1,0.0684,0.185,0.0011,0.22,0.473,120.081,204125
"663",0.745,0.693,2,-5.479,0,0.034,0.339,0,0.123,0.248,98.039,181900
"664",0.658,0.624,9,-4.253,0,0.209,0.186,0,0.157,0.734,101.85,216695
"665",0.544,0.921,6,-5.628,1,0.0364,0.0768,0.000264,0.184,0.578,112.832,211766
"666",0.429,0.891,6,-5.055,1,0.0434,9.71e-05,0.000234,0.0955,0.633,158.058,226952
"667",0.664,0.764,4,-6.575,1,0.0333,0.000265,0.00148,0.105,0.423,127.979,190056
"668",0.638,0.721,1,-4.644,0,0.0395,0.0211,0,0.12,0.435,146.078,180928
"669",0.431,0.728,6,-4.547,1,0.0548,0.0835,0.052,0.198,0.274,167.262,237143
"670",0.75,0.81,0,-4.607,0,0.0572,0.0917,1.59e-05,0.111,0.48,120.038,171500
"671",0.601,0.702,5,-6.599,1,0.0397,0.0254,0,0.0543,0.462,110.988,199282
"672",0.527,0.603,8,-7.588,1,0.0374,0.0332,0,0.0805,0.313,78.036,216960
"673",0.662,0.685,4,-4.561,0,0.0302,0.125,0,0.0961,0.447,111.964,187321
"674",0.714,0.474,8,-4.993,1,0.039,0.374,0,0.106,0.376,62.484,212293
"675",0.725,0.321,1,-10.744,0,0.323,0.578,0,0.0884,0.319,70.142,178640
"676",0.325,0.587,6,-6.615,0,0.0481,0.714,0.00524,0.0912,0.902,184.18,238107
"677",0.511,0.443,11,-8.864,0,0.14,0.0947,8.28e-05,0.122,0.435,179.838,206354
"678",0.718,0.514,8,-9.084,0,0.0948,0.0563,0,0.21,0.361,127.933,154920
"679",0.662,0.823,10,-8.748,1,0.0797,0.000839,0,0.344,0.85,103.97,188000
"680",0.46,0.809,6,-5.415,1,0.326,0.0422,5.04e-05,0.138,0.609,157.184,179227
"681",0.638,0.659,10,-6.215,0,0.0627,0.0127,0,0.187,0.341,103.029,233858
"682",0.638,0.679,4,-5.278,1,0.0425,0.0016,0.00655,0.121,0.596,81.045,181880
"683",0.685,0.638,6,-6.539,1,0.0367,0.0371,0,0.0987,0.414,123.442,183894
"684",0.611,0.524,4,-4.317,0,0.0319,0.00945,0,0.111,0.459,83.535,151231
"685",0.705,0.824,2,-4.825,1,0.0347,0.18,0,0.0901,0.925,146.999,192046
"686",0.704,0.422,5,-7.095,1,0.0473,0.0127,9.42e-06,0.115,0.413,134.883,189333
"687",0.645,0.743,0,-6.747,1,0.0471,0.583,0.00569,0.0986,0.0996,112.979,259060
"688",0.56,0.8,9,-4.222,0,0.0601,0.0058,0,0.0871,0.381,107.105,198013
"689",0.542,0.0806,6,-16.799,1,0.0384,0.85,0.000222,0.107,0.361,106.756,162725
"690",0.518,0.174,2,-13.109,1,0.0403,0.794,0.0819,0.149,0.122,120.191,174589
"691",0.398,0.151,7,-15.249,1,0.0366,0.868,0.0281,0.119,0.177,96.024,160824
"692",0.554,0.487,9,-7.237,1,0.33,0.443,0,0.297,0.749,207.263,220000
"693",0.43,0.646,7,-8.568,1,0.23,0.139,0,0.0797,0.518,158.688,164000
"694",0.643,0.693,7,-8.667,1,0.126,0.131,0,0.099,0.618,156.092,244000
"695",0.376,0.496,9,-7.291,0,0.055,0.276,0,0.0583,0.55,174.575,226267
"696",0.35,0.531,11,-5.207,0,0.0414,0.334,0,0.0788,0.311,185.594,281120
"697",0.472,0.75,10,-10.434,1,0.0371,0.415,0.0206,0.369,0.529,109.251,251640
"698",0.7,0.872,10,-5.896,1,0.0666,0.121,7.08e-06,0.103,0.761,125.03,190302
"699",0.807,0.52,6,-7.911,0,0.115,0.188,1.27e-05,0.136,0.614,109.979,239201
"700",0.814,0.627,8,-3.294,1,0.0499,0.00211,0.00124,0.0607,0.603,100.019,191760
"701",0.679,0.799,9,-7.629,1,0.035,0.501,0,0.109,0.78,110.149,227920
"702",0.536,0.93,8,-5.23,1,0.0915,0.013,0,0.706,0.718,138.676,207107
"703",0.761,0.641,8,-13.466,0,0.0445,0.0713,0.0269,0.483,0.822,119.61,333360
"704",0.869,0.648,11,-8.698,0,0.0633,0.121,2.17e-05,0.126,0.9,125.035,339320
"705",0.744,0.882,4,-5.754,1,0.043,0.394,2.72e-06,0.661,0.963,149.252,232627
"706",0.684,0.723,2,-8.244,0,0.0729,0.000473,0.0287,0.0681,0.536,130.525,212160
"707",0.728,0.88,5,-5.841,0,0.0349,0.0318,0.00224,0.0462,0.939,109.017,203210
"708",0.74,0.817,2,-4.35,1,0.0642,0.0224,0,0.0643,0.47,118.029,190730
"709",0.818,0.858,1,-4.219,0,0.0398,0.0642,0.256,0.256,0.753,119.605,258503
"710",0.715,0.702,9,-4.856,0,0.0277,0.222,2.33e-06,0.81,0.851,98.993,210909
"711",0.599,0.877,4,-5.772,0,0.0377,0.0844,0.000229,0.366,0.603,128.703,182717
"712",0.725,0.79,5,-4.502,1,0.0423,0.201,4.15e-05,0.0852,0.697,128.989,172840
"713",0.589,0.867,6,-5.791,0,0.106,0.0765,8.19e-05,0.108,0.903,161.899,153960
"714",0.843,0.919,4,-8.139,0,0.0956,0.0503,0.146,0.0348,0.733,93.405,257280
"715",0.516,0.95,7,-4.117,1,0.0546,0.00278,2.19e-05,0.141,0.961,190.045,200973
"716",0.571,0.932,1,-3.362,0,0.0315,0.00293,0.00119,0.0765,0.965,135.982,195093
"717",0.748,0.735,8,-8.692,1,0.0903,0.47,1.09e-05,0.0851,0.854,150.04,203653
"718",0.581,0.817,0,-6.542,1,0.0382,0.211,1.42e-06,0.246,0.779,141.607,272507
"719",0.542,0.915,9,-9.637,1,0.0549,0.319,5.34e-05,0.171,0.92,159.81,175400
"720",0.621,0.901,2,-5.396,1,0.0302,0.17,0,0.0875,0.744,113.967,300773
"721",0.482,0.849,2,-9.198,1,0.0452,0.641,7.74e-06,0.0414,0.937,124.631,155227
"722",0.761,0.868,5,-6.061,0,0.0667,0.0245,1.12e-06,0.11,0.963,100.037,213293
"723",0.557,0.54,9,-10.484,1,0.0347,0.0339,0.00248,0.179,0.394,129.171,185733
"724",0.806,0.847,0,-4.47,1,0.0319,0.138,0.00157,0.067,0.97,121.718,261200
"725",0.612,0.738,0,-6.648,1,0.0479,0.192,0,0.0779,0.883,81.327,230667
"726",0.584,0.367,6,-9.638,0,0.0328,0.55,1.38e-05,0.0818,0.588,120.175,176293
"727",0.638,0.928,5,-4.078,1,0.0388,0.0531,0.11,0.0875,0.966,122.428,213067
"728",0.898,0.271,7,-12.238,1,0.091,0.0135,0.00138,0.0461,0.742,111.485,226240
"729",0.617,0.81,10,-6.513,1,0.0798,0.762,0,0.134,0.65,97.389,165080
"730",0.791,0.734,5,-5.464,1,0.0629,0.522,0.00165,0.167,0.962,105.854,244920
"731",0.631,0.547,6,-12.626,1,0.036,0.248,0.000119,0.0523,0.962,94.533,199200
"732",0.707,0.906,7,-5.771,1,0.0309,0.0368,0.000968,0.661,0.97,112.837,315293
"733",0.697,0.809,9,-8.197,1,0.0302,0.114,0.000521,0.183,0.98,125.941,214827
"734",0.593,0.918,11,-4.883,1,0.0361,0.036,4.26e-06,0.194,0.755,92.835,290160
"735",0.715,0.817,5,-6.227,0,0.0532,0.0325,1.61e-06,0.851,0.871,133.858,321573
"736",0.606,0.899,7,-6.412,0,0.0758,0.333,0.000102,0.0754,0.66,116.735,236760
"737",0.864,0.876,11,-7.297,0,0.0488,0.148,7.19e-05,0.0367,0.802,110.536,223026
"738",0.653,0.677,0,-12.244,1,0.0396,0.249,0,0.403,0.888,114.37,216533
"739",0.388,0.338,10,-10.054,1,0.0328,0.652,3.72e-06,0.248,0.477,177.784,303373
"740",0.631,0.69,2,-6.676,1,0.0531,0.176,0,0.121,0.938,94.574,181067
"741",0.831,0.544,0,-9.288,1,0.0837,0.594,0.00389,0.0736,0.856,108.177,166280
"742",0.727,0.588,1,-9.568,1,0.0253,0.058,5.46e-06,0.0414,0.964,104.413,201093
"743",0.818,0.803,1,-4.282,1,0.0797,0.034,0,0.153,0.632,106.97,225983
"744",0.645,0.598,1,-13.18,0,0.0335,0.221,3.53e-06,0.0721,0.913,105.929,227267
"745",0.586,0.935,4,-9.386,0,0.0482,0.000155,0.277,0.159,0.58,114.997,211173
"746",0.651,0.946,6,-4.717,1,0.101,0.13,0,0.148,0.508,91.911,228333
"747",0.802,0.756,2,-10.791,0,0.0349,0.0843,0.00765,0.0521,0.963,131.715,288293
"748",0.667,0.83,0,-5.715,1,0.0749,0.0123,0,0.191,0.701,113.03,236002
"749",0.729,0.844,5,-8.824,1,0.0344,0.149,2.87e-06,0.0604,0.777,131.459,275440
"750",0.648,0.751,8,-8.582,1,0.0806,0.0182,0.000401,0.0418,0.863,100.437,244827
"751",0.612,0.6,9,-10.945,1,0.0327,0.15,3.04e-06,0.222,0.471,111.203,251800
"752",0.559,0.868,5,-5.276,1,0.17,0.0475,0.000176,0.776,0.609,156.295,209413
"753",0.693,0.839,2,-9.634,1,0.0526,0.282,3.83e-06,0.0338,0.849,126.165,351267
"754",0.719,0.967,0,-2.435,1,0.0552,0.0588,0.000249,0.206,0.964,79.505,235213
"755",0.572,0.914,8,-8.436,1,0.0311,0.0717,0.00776,0.319,0.843,108.991,254467
"756",0.591,0.882,11,-5.778,0,0.0367,0.231,3.44e-06,0.172,0.921,170.717,191800
"757",0.703,0.721,1,-7.236,1,0.0533,0.134,0,0.0666,0.885,112.394,220147
"758",0.77,0.858,10,-7.086,0,0.0492,0.0106,0.685,0.0298,0.76,109.883,234587
"759",0.788,0.661,9,-7.238,0,0.0422,0.0652,0.00278,0.118,0.819,102.349,265787
"760",0.913,0.476,0,-13.823,1,0.0531,0.283,0.00127,0.204,0.955,112.73,252912
"761",0.749,0.475,8,-13.875,1,0.0737,0.147,0,0.175,0.866,98.53,380267
"762",0.682,0.605,8,-10.771,1,0.0403,0.185,0.00326,0.0469,0.914,125.96,171360
"763",0.804,0.752,9,-4.927,1,0.0296,0.139,0.00108,0.266,0.956,120.093,272480
"764",0.711,0.715,4,-5.774,1,0.0426,0.0478,0,0.143,0.761,120.002,291413
"765",0.652,0.757,1,-6.819,1,0.153,0.286,0,0.0886,0.962,159.911,233305
"766",0.583,0.833,0,-8.29,1,0.0343,0.0531,5.57e-05,0.16,0.81,119.884,182800
"767",0.71,0.823,1,-6.48,1,0.259,0.0699,9.85e-06,0.448,0.72,167.991,257880
"768",0.719,0.822,11,-3.385,1,0.0398,0.214,0,0.134,0.655,121.99,241067
"769",0.862,0.503,7,-7.703,1,0.0494,0.00453,1.87e-05,0.0761,0.863,119.998,263053
"770",0.626,0.816,9,-10.593,1,0.13,0.237,1.8e-06,0.104,0.798,105.33,164813
"771",0.731,0.555,2,-13.684,1,0.0519,0.321,0.000103,0.0527,0.935,131.26,189427
"772",0.79,0.616,0,-7.443,1,0.0596,0.0589,6.55e-05,0.171,0.473,130.009,284413
"773",0.529,0.828,10,-10.981,1,0.0459,0.128,3.63e-06,0.187,0.861,95.964,145000
"774",0.683,0.515,1,-10.932,1,0.0592,0.137,6.66e-06,0.0816,0.767,88.827,165400
"775",0.623,0.764,4,-4.686,1,0.0418,0.0229,0,0.841,0.894,119.717,145173
"776",0.597,0.643,5,-6.303,1,0.134,0.5,0,0.0435,0.823,167.963,144333
"777",0.653,0.239,5,-18.54,0,0.0453,0.806,0.0146,0.132,0.765,80.392,171373
"778",0.663,0.809,7,-6.859,1,0.0607,0.0565,5.37e-05,0.132,0.796,81.538,200307
"779",0.383,0.599,9,-5.432,1,0.0304,0.644,3.61e-05,0.311,0.547,148.018,217800
"780",0.648,0.688,9,-4.671,1,0.0282,0.0251,3.08e-06,0.149,0.937,111.854,198240
"781",0.797,0.398,9,-10.789,1,0.0664,0.288,0,0.104,0.75,113.204,209613
"782",0.811,0.515,0,-13.025,1,0.0423,0.0742,2.89e-06,0.0708,0.801,101.961,285360
"783",0.522,0.481,11,-13.782,1,0.0769,0.802,4.37e-05,0.169,0.679,132.08,178027
"784",0.727,0.938,11,-2.872,0,0.288,0.00432,0,0.0911,0.757,132.077,219493
"785",0.641,0.673,5,-10.72,0,0.0918,0.0302,0.000868,0.219,0.644,167.978,262587
"786",0.645,0.809,11,-6.12,1,0.0385,0.00921,0.00113,0.106,0.966,138.978,196680
"787",0.645,0.952,10,-3.45,0,0.0487,0.0487,0.000752,0.316,0.848,126.86,217120
"788",0.578,0.78,11,-14.21,0,0.0607,0.0857,0.105,0.0611,0.647,131.074,282147
"789",0.709,0.849,9,-7.527,1,0.0395,0.00585,5.79e-06,0.186,0.518,126.702,203667
"790",0.605,0.913,0,-4.984,1,0.0419,0.175,0.00952,0.385,0.93,186.124,238133
"791",0.72,0.88,5,-8.988,1,0.0406,0.199,0.0246,0.0865,0.961,118.623,242707
"792",0.396,0.455,9,-13.197,1,0.036,0.41,1.15e-06,0.0685,0.434,156.48,270573
"793",0.528,0.686,7,-4.458,0,0.0301,0.052,7.52e-05,0.082,0.592,135.157,170400
"794",0.496,0.591,7,-10.23,1,0.0368,0.187,0,0.528,0.912,150.523,183093
"795",0.771,0.847,4,-6.216,1,0.0383,0.21,6.45e-05,0.0759,0.886,128.385,270960
"796",0.446,0.97,4,-4.754,1,0.0791,0.0344,0.00157,0.337,0.524,93.755,321733
"797",0.702,0.634,3,-4.996,1,0.0418,0.163,0,0.288,0.897,135.552,228907
"798",0.675,0.835,5,-9.589,0,0.0672,0.036,0.0185,0.082,0.804,116.517,346347
"799",0.794,0.798,2,-6.96,1,0.114,0.0777,0.00037,0.453,0.828,118.232,404440
"800",0.673,0.541,5,-12.559,1,0.0331,0.0246,0,0.0684,0.847,108.857,159427
"801",0.412,0.844,2,-5.613,1,0.037,0.00214,0,0.134,0.459,174.452,258907
"802",0.618,0.896,2,-5.357,1,0.0307,0.171,0,0.0875,0.711,113.961,300773
"803",0.478,0.862,11,-5.513,0,0.0269,0.00942,1.28e-05,0.0756,0.608,106.295,298640
"804",0.707,0.788,6,-5.269,1,0.0333,0.214,0.000571,0.308,0.746,120.465,238120
"805",0.618,0.893,6,-6.475,1,0.109,0.171,3.17e-05,0.285,0.515,91.972,340907
"806",0.877,0.534,1,-6.18,1,0.151,0.0339,1.73e-05,0.0441,0.89,108.171,197560
"807",0.584,0.417,5,-9.91,1,0.0284,0.789,0,0.245,0.83,88.37,227680
"808",0.625,0.964,10,-3.028,0,0.342,0.107,9.17e-05,0.0446,0.881,125.954,238960
"809",0.495,0.936,4,-7.196,0,0.0401,0.0111,0.000709,0.276,0.837,107.394,224480
"810",0.707,0.879,7,-5.876,0,0.0615,0.0219,0.373,0.0585,0.67,139.932,227095
"811",0.688,0.858,5,-6.496,0,0.0348,0.103,0.000118,0.147,0.697,92.253,229467
"812",0.768,0.829,5,-5.109,1,0.0313,0.0964,2.92e-05,0.097,0.962,118.773,234333
"813",0.607,0.835,0,-5.427,1,0.0415,0.0588,4.71e-05,0.195,0.719,144.087,193120
"814",0.739,0.766,0,-6.023,1,0.0785,0.193,7.28e-05,0.137,0.862,106.6,167613
"815",0.62,0.828,10,-4.685,1,0.0413,0.00557,0.000102,0.156,0.564,122.042,205067
"816",0.846,0.922,6,-4.206,0,0.0438,0.0219,0.355,0.0623,0.899,122.195,362373
"817",0.866,0.606,7,-4.762,1,0.04,0.00381,6.5e-06,0.0861,0.838,119.991,263827
"818",0.549,0.981,11,-3.558,0,0.059,0.0178,1.8e-06,0.438,0.873,82.331,185307
"819",0.539,0.981,8,-5.012,0,0.041,0.0594,0,0.381,0.853,99.093,230867
"820",0.6,0.905,1,-3.41,0,0.0357,0.00274,0,0.831,0.636,124.032,187027
"821",0.745,0.616,7,-8.851,1,0.0351,0.0536,0.000507,0.139,0.961,124.437,203000
"822",0.803,0.813,8,-4.889,1,0.0362,0.443,9.88e-06,0.111,0.264,100.339,319493
"823",0.559,0.953,2,-4.657,1,0.0568,0.000283,0.188,0.187,0.236,130.053,301067
"824",0.529,0.741,3,-5.661,1,0.0268,0.116,1.23e-06,0.0736,0.455,100.004,205240
"825",0.564,0.911,2,-5.39,1,0.0536,0.159,4.36e-05,0.118,0.582,173.938,226293
"826",0.742,0.92,5,-4.46,1,0.0503,0.174,0.123,0.0715,0.758,110.093,326373
"827",0.605,0.704,5,-6.564,1,0.0476,0.241,0,0.137,0.4,80.925,220413
"828",0.685,0.474,0,-9.105,1,0.0313,0.779,1.23e-06,0.149,0.36,79.991,161227
"829",0.538,0.521,7,-7.332,1,0.0334,0.383,6.77e-05,0.188,0.621,147.13,200120
"830",0.726,0.89,7,-4.123,1,0.136,0.00725,0,0.0762,0.548,98.006,216013
"831",0.739,0.511,9,-7.844,1,0.0362,0.167,1.34e-06,0.133,0.542,96.038,215360
"832",0.714,0.451,5,-8.268,1,0.0276,0.0883,0,0.108,0.406,127.787,200720
"833",0.608,0.582,9,-9.734,1,0.0355,0.725,0,0.0854,0.952,127.297,176933
"834",0.762,0.957,8,-4.601,1,0.11,0.222,1.92e-05,0.0484,0.906,153.967,271867
"835",0.734,0.635,5,-7.03,1,0.0816,0.0322,0,0.0808,0.931,96.99,216360
"836",0.491,0.853,2,-5.419,1,0.041,0.00587,2.38e-06,0.0875,0.74,138.8,212893
"837",0.491,0.583,7,-10.964,1,0.0376,0.182,0,0.407,0.907,150.572,183307
"838",0.742,0.855,7,-7.794,1,0.0332,0.0345,0,0.0689,0.962,135.014,197400
"839",0.454,0.827,11,-3.774,1,0.0398,0.328,0,0.226,0.32,94.767,237440
"840",0.557,0.54,9,-10.484,1,0.0347,0.0339,0.00248,0.179,0.394,129.171,185733
"841",0.4,0.805,4,-7.305,1,0.0407,0.0387,5.4e-05,0.109,0.324,158.459,193933
"842",0.776,0.763,5,-8.124,1,0.0535,0.182,0.0065,0.077,0.82,128.433,280000
"843",0.578,0.866,1,-3.804,1,0.0619,0.00701,0,0.257,0.619,128.038,199080
"844",0.655,0.699,11,-4.421,1,0.0493,0.0352,0,0.064,0.802,86.704,187427
"845",0.59,0.838,1,-5.355,1,0.0857,0.153,0,0.314,0.852,116.391,186760
"846",0.642,0.735,8,-8.866,1,0.0806,0.0172,0.000733,0.0391,0.864,99.682,244827
"847",0.689,0.912,9,-3.673,1,0.0302,0.174,0.000243,0.298,0.982,125.94,216347
"848",0.622,0.616,10,-5.107,1,0.0349,0.147,3.87e-06,0.218,0.598,89.673,243160
"849",0.855,0.587,8,-4.589,1,0.0336,0.0505,0.00714,0.105,0.64,111.97,177466
"850",0.686,0.457,11,-8.322,1,0.0468,0.595,0,0.105,0.718,150.953,242187
"851",0.652,0.748,0,-5.242,1,0.0887,0.0849,0,0.604,0.652,94.1,267413
"852",0.475,0.814,10,-4.398,1,0.045,0.00451,0,0.109,0.204,107.699,278778
"853",0.774,0.75,11,-4.927,0,0.0413,0.0021,1.85e-05,0.0808,0.925,118.015,197987
"854",0.69,0.54,4,-10.516,1,0.0317,0.218,0.00657,0.115,0.764,114.846,222733
"855",0.699,0.829,1,-4.898,1,0.0633,0.00243,0.000263,0.0995,0.889,105.811,219382
"856",0.597,0.605,7,-12.013,1,0.0255,0.181,0.000331,0.118,0.886,97.782,281147
"857",0.533,0.761,7,-10.632,1,0.0298,0.013,0.829,0.207,0.917,122.777,162187
"858",0.686,0.936,11,-3.923,1,0.0571,0.22,0,0.0964,0.942,125.665,243667
"859",0.352,0.928,1,-3.71,1,0.0758,0.00113,0,0.0987,0.239,148.026,222107
"860",0.566,0.835,9,-5.885,1,0.0504,0.000192,0,0.0581,0.749,116.041,207093
"861",0.497,0.857,0,-3.313,1,0.0649,0.0622,0,0.0495,0.619,167.142,223813
"862",0.41,0.803,7,-5.363,1,0.0623,0.239,0,0.103,0.814,153.315,169307
"863",0.677,0.693,11,-7.561,0,0.0343,0.437,0,0.405,0.755,130.013,146160
"864",0.74,0.544,5,-7.033,1,0.0533,0.104,0.0413,0.0742,0.903,167.005,183840
"865",0.413,0.829,4,-11.111,1,0.529,0.394,0,0.108,0.677,191.477,265533
"866",0.87,0.699,5,-5.541,0,0.0459,0.245,6.76e-06,0.0588,0.726,126.967,198440
"867",0.707,0.771,7,-6.275,1,0.0783,0.434,0.0013,0.115,0.437,142.016,218228
"868",0.564,0.719,1,-5.505,1,0.0475,0.0126,0.000177,0.0536,0.251,119.023,251320
"869",0.619,0.748,7,-5.961,1,0.033,0.0656,1.86e-05,0.241,0.299,114.983,206560
"870",0.842,0.564,5,-8.042,0,0.105,0.617,0.00024,0.0912,0.782,124.984,207547
"871",0.612,0.875,1,-6.032,1,0.351,0.253,0,0.423,0.823,99.882,211360
"872",0.683,0.91,10,-1.231,1,0.0515,0.0553,4.78e-06,0.336,0.674,124.977,202149
"873",0.617,0.759,0,-6.785,0,0.0677,0.0026,0,0.419,0.324,122.925,218773
"874",0.811,0.699,7,-5.211,1,0.114,0.0726,1.38e-06,0.148,0.733,122.987,214789
"875",0.599,0.925,11,-4.513,1,0.035,0.00338,0.00623,0.132,0.502,107.942,170212
"876",0.795,0.616,1,-5.281,0,0.06,0.417,0,0.349,0.815,110.015,190453
"877",0.55,0.925,0,-4.573,1,0.0882,0.0352,0.000179,0.29,0.358,121.823,177320
"878",0.731,0.639,9,-6.597,1,0.0359,0.0206,1.29e-05,0.0789,0.527,122.08,158474
"879",0.612,0.921,7,-2.879,1,0.0848,0.0183,0,0.0576,0.453,139.986,202173
"880",0.728,0.892,4,-5.172,1,0.126,0.0144,0,0.469,0.826,117.976,236440
"881",0.626,0.634,2,-3.891,1,0.243,0.0487,0,0.0891,0.621,176.078,214604
"882",0.775,0.68,0,-5.508,0,0.0629,0.00906,0,0.109,0.656,114.025,207719
"883",0.748,0.867,7,-4.715,0,0.0536,0.0229,1.28e-05,0.392,0.531,84.005,206756
"884",0.673,0.847,10,-4.505,0,0.0386,0.0253,0,0.302,0.519,121.988,206344
"885",0.669,0.747,6,-7.108,1,0.0428,0.141,0,0.185,0.483,122.531,242440
"886",0.679,0.839,0,-5.579,1,0.0303,0.000772,0.00173,0.0772,0.566,123.041,148293
"887",0.739,0.921,7,-3.882,1,0.0413,0.0629,9.98e-05,0.448,0.961,137.042,224754
"888",0.72,0.791,1,-4.689,1,0.124,0.0384,0,0.157,0.756,102.071,175427
"889",0.658,0.741,7,-2.86,0,0.0536,0.141,0,0.189,0.789,98.024,202213
"890",0.699,0.529,2,-7.548,1,0.0487,0.0317,3.59e-05,0.285,0.121,119.987,206167
"891",0.686,0.582,10,-6.088,1,0.0371,0.489,8.09e-06,0.082,0.437,121.97,198971
"892",0.482,0.927,7,-2.371,1,0.063,0.0152,0.000148,0.305,0.586,174.05,202700
"893",0.787,0.85,1,-4.681,1,0.0549,0.0866,0,0.103,0.929,122.024,185773
"894",0.647,0.879,7,-0.93,1,0.0831,0.0837,1.98e-06,0.538,0.427,126.042,224762
"895",0.706,0.897,8,-2.539,0,0.0349,0.012,1.01e-06,0.343,0.626,125.002,207291
"896",0.871,0.754,6,-5.771,1,0.034,0.217,1.09e-05,0.122,0.924,110.97,210920
"897",0.592,0.8,6,-4.931,0,0.215,0.0561,2.01e-06,0.0775,0.728,89.972,224813
"898",0.671,0.916,6,-4.014,0,0.0397,0.0282,0.00762,0.24,0.803,126.01,189127
"899",0.752,0.866,2,-5.881,0,0.0278,0.279,0.0116,0.135,0.622,117.059,266658
"900",0.611,0.629,2,-10.596,1,0.0344,0.134,0,0.0784,0.589,146.091,214627
"901",0.638,0.924,7,-3.887,1,0.0359,0.00205,0.000173,0.149,0.529,111.995,263787
"902",0.552,0.724,0,-3.698,1,0.0271,0.169,0,0.11,0.774,80.516,203653
"903",0.47,0.662,0,-5.33,0,0.0791,0.01,0,0.345,0.483,183.579,243600
"904",0.667,0.838,0,-5.597,1,0.0707,0.00842,0.125,0.125,0.387,120.034,227524
"905",0.417,0.951,4,-4.652,1,0.0733,0.00164,3.92e-05,0.219,0.529,160.042,194288
"906",0.676,0.87,9,-4.148,1,0.0525,0.397,3.45e-06,0.147,0.695,119.002,210000
"907",0.58,0.455,6,-7.752,1,0.0259,0.688,1.32e-06,0.107,0.304,89.986,220640
"908",0.647,0.823,2,-5.231,1,0.0762,0.0598,0,0.119,0.396,99.933,230333
"909",0.61,0.822,0,-4.424,1,0.0336,0.00272,0.000323,0.169,0.455,92.046,194025
"910",0.611,0.8,0,-5.61,1,0.0377,0.257,0,0.194,0.527,89.974,209280
"911",0.632,0.681,0,-5.023,0,0.115,0.128,1.53e-05,0.116,0.633,126.477,167000
"912",0.696,0.694,0,-6.631,1,0.0534,0.269,4.36e-06,0.0862,0.736,154.941,213445
"913",0.725,0.853,2,-7.842,1,0.0353,0.0348,0.127,0.196,0.904,136.282,222813
"914",0.56,0.936,3,-5.835,1,0.0439,0.00847,0,0.161,0.371,112.96,218013
"915",0.614,0.82,0,-5.006,1,0.0326,0.0282,0,0.103,0.859,90.59,205373
"916",0.678,0.847,0,-5.825,1,0.0519,0.0219,0.0329,0.373,0.601,122.287,187733
"917",0.762,0.954,8,-4.542,1,0.121,0.22,1.76e-05,0.0612,0.933,153.96,271907
"918",0.741,0.894,4,-3.826,1,0.0495,0.0824,0.0527,0.089,0.96,114.869,202853
"919",0.519,0.934,7,-7.137,1,0.0471,0.000312,0.00457,0.137,0.586,138.162,201867
"920",0.429,0.543,5,-9.139,1,0.0347,0.536,2.54e-05,0.125,0.693,122.619,145107
"921",0.61,0.585,0,-5.063,1,0.0795,0.424,0,0.596,0.606,104.331,176253
"922",0.591,0.649,3,-6.72,1,0.0417,0.0294,0,0.133,0.489,90.002,228347
"923",0.659,0.678,0,-8.18,1,0.0313,0.157,6.69e-06,0.0784,0.647,106.186,258411
"924",0.64,0.602,9,-7.902,1,0.0299,0.0646,0,0.375,0.951,111.87,193893
"925",0.726,0.698,5,-4.165,1,0.0431,0.049,0,0.309,0.867,143.994,233478
"926",0.685,0.286,0,-13.172,1,0.0348,0.785,0.0158,0.121,0.853,132.404,164547
"927",0.823,0.398,7,-8.22,1,0.0951,0.644,5.65e-06,0.0937,0.578,114.178,191907
"928",0.583,0.79,9,-4.885,1,0.0319,0.0851,0.000387,0.11,0.714,103.286,171333
"929",0.537,0.84,9,-4.626,1,0.0363,0.2,2.15e-06,0.0998,0.211,124.269,224693
"930",0.483,0.503,0,-9.396,1,0.0341,0.354,0.000284,0.116,0.598,151.862,200160
"931",0.494,0.722,5,-8.373,1,0.0347,0.287,0.186,0.283,0.156,117.312,300000
"932",0.647,0.729,5,-6.251,1,0.0236,0.0206,0.0489,0.134,0.687,94.01,249627
"933",0.661,0.908,5,-4.897,1,0.039,0.052,0,0.0708,0.656,144.091,296080
"934",0.518,0.761,0,-7.025,1,0.0452,0.158,0.00765,0.0715,0.576,118.738,170800
"935",0.691,0.507,11,-10.23,1,0.0343,0.627,0,0.457,0.885,128.518,125440
"936",0.56,0.543,7,-8.433,1,0.0288,0.233,0.000179,0.335,0.661,85.119,314093
"937",0.573,0.902,6,-7.638,0,0.054,0.018,0.00125,0.0928,0.876,84.412,225280
"938",0.488,0.782,9,-8.866,1,0.0691,0.205,0.666,0.182,0.591,146.023,210400
"939",0.688,0.706,2,-7.925,1,0.042,0.0752,0,0.0924,0.842,131.705,192867
"940",0.792,0.85,0,-3.621,1,0.0329,0.289,0.00012,0.132,0.965,129.906,219920
"941",0.606,0.8,9,-9.624,0,0.323,0.677,0,0.595,0.85,113.864,224000
"942",0.781,0.491,2,-11.279,1,0.0278,0.0073,0,0.0631,0.854,105.816,193480
"943",0.706,0.322,5,-14.108,1,0.0467,0.528,2.37e-06,0.576,0.305,135.154,221133
"944",0.866,0.347,7,-9.553,0,0.0685,0.291,7.01e-06,0.109,0.616,110.063,207680
"945",0.635,0.299,4,-12.279,0,0.061,0.523,4.1e-06,0.0826,0.391,119.62,147520
"946",0.753,0.796,9,-6.406,1,0.0576,0.0378,0,0.331,0.605,122.025,199263
"947",0.488,0.754,5,-7.95,0,0.0381,0.00154,2.42e-05,0.678,0.664,88.369,197160
"948",0.593,0.642,2,-7.284,1,0.0299,0.313,0.000582,0.0804,0.736,76.403,239440
"949",0.623,0.709,1,-9.818,0,0.0636,0.102,0,0.0967,0.948,122.394,165381
"950",0.572,0.565,10,-7.695,0,0.0292,0.167,5.64e-05,0.116,0.306,132.25,256547
"951",0.738,0.804,11,-3.851,1,0.0621,0.332,0,0.279,0.949,174.943,190213
"952",0.797,0.105,1,-16.881,1,0.0969,0.885,0.000116,0.108,0.419,122.545,183133
"953",0.559,0.855,5,-5.077,1,0.186,0.0488,0.000681,0.68,0.605,156.311,209413
"954",0.702,0.898,9,-6.003,1,0.0373,0.00854,0.000154,0.0917,0.731,112.845,169760
"955",0.722,0.636,0,-7.957,1,0.0491,0.0359,1.75e-05,0.12,0.694,122.653,178200
"956",0.199,0.866,6,-4.88,1,0.0926,0.0803,6.46e-06,0.435,0.684,209.905,210693
"957",0.598,0.646,6,-9.769,1,0.0309,0.179,0,0.141,0.929,133.287,174400
"958",0.388,0.338,10,-10.054,1,0.0328,0.652,3.72e-06,0.248,0.477,177.784,303373
"959",0.677,0.89,1,-4.448,0,0.0418,0.182,0,0.0826,0.764,97.012,216773
"960",0.586,0.7,0,-9.558,1,0.0363,0.0589,0.00125,0.0318,0.897,147.245,295400
"961",0.829,0.674,8,-4.493,1,0.0362,0.0838,0.00174,0.102,0.974,109.917,220200
"962",0.673,0.772,1,-5.246,0,0.0427,0.0223,1.23e-06,0.141,0.585,90.356,183200
"963",0.736,0.871,2,-2.786,1,0.0278,0.466,0,0.108,0.967,122.395,167187
"964",0.561,0.555,11,-9.734,0,0.0287,0.16,0,0.114,0.497,134.369,295493
"965",0.567,0.959,8,-3.822,1,0.102,0.0995,6.07e-05,0.1,0.961,137.377,133933
"966",0.467,0.831,10,-7.661,1,0.0683,0.549,0,0.95,0.547,137.355,267333
"967",0.719,0.515,10,-9.72,1,0.348,0.0912,0,0.0791,0.927,76.518,172933
"968",0.52,0.829,0,-6.228,1,0.0806,0.386,6.2e-05,0.227,0.744,147.997,141693
"969",0.529,0.768,7,-5.51,1,0.0566,0.00224,0.000685,0.297,0.769,127.316,210880
"970",0.807,0.487,9,-10.456,1,0.0758,0.0102,1.98e-06,0.0501,0.651,148.491,180267
"971",0.542,0.589,2,-6.623,1,0.0318,0.292,0.000522,0.177,0.137,111.665,303200
"972",0.357,0.756,0,-8.492,1,0.0621,0.733,0.00505,0.76,0.95,174.797,136027
"973",0.601,0.643,2,-5.828,1,0.0314,0.112,0.00209,0.088,0.552,128.262,239600
"974",0.602,0.522,10,-9.031,1,0.0285,0.386,1.44e-05,0.0941,0.36,136.637,281613
"975",0.424,0.446,5,-9.618,1,0.0525,0.394,3.78e-06,0.16,0.794,165.158,264504
"976",0.508,0.834,2,-6.205,1,0.0386,0.0183,0,0.0732,0.774,139.131,216053
"977",0.59,0.805,0,-6.481,1,0.0371,0.137,0,0.0996,0.797,138.514,154200
"978",0.478,0.678,7,-7.032,1,0.0364,0.29,0,0.577,0.892,151.466,182960
"979",0.666,0.668,0,-7.961,1,0.0523,0.251,5.77e-06,0.499,0.765,132.666,322549
"980",0.59,0.828,0,-6.28,1,0.0439,0.277,5.57e-06,0.0868,0.636,111.353,329680
"981",0.573,0.913,6,-4.793,0,0.132,0.0591,0.00173,0.156,0.422,115.715,208400
"982",0.5,0.681,0,-9.556,1,0.0672,0.114,4.01e-05,0.139,0.745,119.46,263333
"983",0.659,0.577,8,-8.114,1,0.0337,0.487,0.00338,0.168,0.946,98.148,179227
"984",0.49,0.715,7,-5.549,1,0.0476,0.386,0,0.311,0.866,130.726,145747
"985",0.646,0.784,5,-6.137,1,0.0334,0.00495,0,0.061,0.819,108.84,158040
"986",0.71,0.491,2,-7.382,1,0.0504,0.219,1.99e-06,0.0859,0.638,109.933,183667
"987",0.403,0.495,10,-6.888,0,0.0312,0.387,8.03e-06,0.147,0.38,132.91,217747
"988",0.731,0.861,11,-5.881,1,0.0323,0.0319,0,0.0829,0.78,104.034,200373
"989",0.813,0.619,7,-8.203,1,0.0294,0.245,0.0151,0.113,0.774,114.58,139507
"990",0.781,0.599,7,-6.501,1,0.0436,0.0109,1.12e-06,0.109,0.608,120.053,193467
"991",0.883,0.464,10,-11.251,1,0.0591,0.279,1.51e-05,0.0744,0.925,111.548,172333
"992",0.675,0.849,0,-9.68,1,0.0386,0.409,1.31e-05,0.0916,0.965,104.765,169560
"993",0.799,0.662,7,-8.585,1,0.0347,0.00482,0.000505,0.0484,0.717,120.082,196000
"994",0.744,0.612,0,-6.386,1,0.0333,0.0723,0.000532,0.0692,0.961,114.991,142187
"995",0.576,0.963,0,-6.145,1,0.0548,0.0012,0.000762,0.37,0.75,111.738,239840
"996",0.506,0.983,2,-3.249,1,0.0944,0.0262,1.74e-06,0.229,0.551,109.226,217413
"997",0.584,0.931,9,-6.158,1,0.0344,0.00315,0.772,0.133,0.694,131.275,211707
"998",0.628,0.829,2,-5.484,1,0.0293,0.12,0,0.097,0.503,110.377,257373
"999",0.739,0.679,0,-5.079,1,0.0374,0.000426,0.0187,0.389,0.788,127.489,234400
"1000",0.696,0.875,0,-3.682,1,0.0649,0.134,0,0.159,0.772,127.39,222733
